ID;Contex/Box;Blank Type;Completeness;Blade/Bladelet Type;Max. Length (mm);Max. Width (mm);Max. Thickness (mm);Platform Type;Platform width (mm);Platform depth (mm);Dorsal reduction;Bulb;Distal configuration;Product Type;Axiality;Longitudinal cross-section;Blank cross-section;Dorsal triangular scars smaller than obtained product;Dorsal hinged scars smaller than obtained product;Retouch;Cortex/natural surface (in general);Cortical piece (>50%);Other comments
1200;ANS2-10-1-1;Blade;Almost Complete;Type 4;64;18;8;Dihedral;19;9;Absent;Pronounced;Concave;Overpass;In-axis;Curved;Trapezoidal;No;No;Distal-concave truncation;0;0;"Truncation on overshoot blade with super-massive bulb; exotic RM"
1202;An2-10-4-1;Blade;Almost Complete;Type 2;65;15;6;Plain;13;7;Absent;Diffuse;Acute pointed;Lateral product;Off-axis left;Straight;Trapezoidal;No;No;None;0;0;"Almost bladelet; exotic raw material"
S1;An2-10-4-1;Blade;Almost Complete;Type 3;47;14;3;Linear;11;1;Absent;Diffuse;Acute pointed;Target central product;In-axis;Straight;Trapezoidal;Yes;No;None;0;0;Almost bladelet (central product)
S9;An2-10-2-1;Blade;Almost Complete;Type 3;67;21;9;Partially Faceted;12;4;Flaking;Diffuse;Acute pointed;Lateral product;Off-axis right;Twisted;Triangular;No;No;None;0;0;
1141;An2-10-3-1 (wirklich IUP?);Blade;Almost Complete;Type 3;49;20;6;Partially Faceted;13;4;Absent;Diffuse;Wide pointed;Lateral product;Off-axis left;Twisted;Triangular;No;No;None;0;0;
66;An2-10-4-2;Blade;Almost Complete;Type 1;47;21;6;Plain;14;3;Absent;Non-visible;Acute pointed;Target central product;In-axis;Straight;Triangular;Yes;Yes;None;0;0;
1263;An2-10-2-1;Blade;Almost Complete;Type 1;63;19;6;n/a;n/a;n/a;n/a;n/a;Acute pointed;Target central product;In-axis;Straight;Trapezoidal;Yes;Yes;Proximal oblique truncation and right-lateral notch;0;0;Probably elongated triangular piece selected for hafting supported by notch-truncation config and with distal broken tip
1233;An2-10-4-2;Blade;Almost Complete;Type 2;62;15;4;Plain;4;12;Flaking;Diffuse;Acute pointed;Lateral product;Off-axis right;Twisted;Triangular;No;No;None;1;0;Early lateral almost-bladelet (small portion of left-lateral cortext), no Y-structure
224;An2-10-4-2-gezeichnet;Blade;Almost Complete;Type 2;93;41;20;Plain;31;13;Flaking;Pronounced;Acute pointed;Overpass;Off-axis left;Twisted;Trapezoidal;No;Yes;None;1;0;GEZEICHNET in Jordanien-Band (larger hinge/fissure removal with off-axis overshot blade with tiny dorsal cortex remnant
1510;An2-10-4-2;Bladelet;Almost Complete;Type 3;49;10;4;Plain;13;2;Absent;Diffuse;Acute pointed;Target central product;Off-axis left;Straight;Triangular;No;Yes;None;0;0;Long-narrow off-axis bladelet blank
127;An2-10-4-2;Bladelet;Almost Complete;Type 3;20;10;2;Linear;5;1;Absent;Diffuse;Acute pointed;Target central product;Off-axis left;Twisted;Trapezoidal;Yes;No;None;0;0;
128;An2-10-4-2;Bladelet;Almost Complete;Type 3;27;11;4;Plain;6;4;Flaking;Diffuse;Acute pointed;Target central product;Off-axis right;Twisted;Triangular;No;No;None (distal straigt/oblique light use-wear);0;0;Showing that some non-parallel edged, twisted blade/lets were used as plain tools
1524;An2-10-3-1 (wirklich IUP?);Flake;Almost Complete;;40;24;6;Plain;10;3;Flaking;Diffuse;Wide pointed;Target central product;In-axis;Slightly curved;Trapezoidal;Yes;No;None;0;0;
S55;An2-10-3-1 (wirklich IUP?);Flake;Almost Complete;;21;19;2;Linear;1;5;Abrasion;Non-visible;Curved;;In-axis;Slightly curved;Trapezoidal;No;No;None;0;0;
118;An2-10-4-2;Flake;Almost Complete;;21;14;2;Linear;10;1;Abrasion;Diffuse;Acute pointed;Target central product;In-axis;Straight;Trapezoidal;No;No;None;0;0;
140;An2-10-4-2;Flake;Almost Complete;Type 1;28;15;3;Partially Faceted;8;3;Absent;Diffuse;Acute pointed;Target central product;Off-axis left;Slightly curved;Trapezoidal;Yes;No;None;0;0;
S26;An2-10-2-1;Flake;Almost Complete;;63;40;27;n/a;n/a;n/a;n/a;Diffuse;Straight;Overpass;In-axis;Curved;Triangular;No;No;Proximal endscraper-like modification;0;0;Large steep flaking/striking surface clearing flake
181;An2-10-4-2;Triangular Bladelet Point;Almost Complete;Type 1;18;12;2;Linear;4;1;Absent;Diffuse;Acute pointed;Target central product;In-axis;Straight;Triangular;No;No;None;0;0;"Triangular ""atypical"" bladelet (not twice as long as wide)"
1597;An2-10-4-2;Triangular Point;Almost Complete;Type 1;64;31;8;Plain;17;6;Absent;Pronounced;Acute pointed;Target central product;In-axis;Slightly curved;Triangular;Yes;No;Left-tip local retouch;0;0;ad-hoc tool/use on central triangular piece (showing that they are searched-for)
1245;ANS2-10-1-1;Triangular Point;Almost Complete;Type 1;59;21;9;Partially Faceted;16;9;Absent;Pronounced;Acute pointed;Target central product;In-axis;Slightly curved;Triangular;No;No;None;0;0;Distal impact fracture?
1634;ANS2-10-1-1;Triangular Point;Almost Complete;Type 1;70;30;16;Partially Faceted;25;11;Absent;Diffuse;Acute pointed;Target central product;In-axis;Straight;Triangular;Yes;Yes;None;0;0;Very steep central triangular point
1532;ANS2-10-1-1;Triangular Point;Almost Complete;Type 1;48;25;15;Partially Faceted;23;12;Absent;Diffuse;Acute pointed;Target central product;In-axis;Twisted;Triangular;Yes;No;None;0;0;Small triangular point with foregoing triangular removal on dorsal surface
1589;An2-10-4-2;Triangular Point;Almost Complete;Type 1;52;22;4;Plain;13;3;Abrasion;Diffuse;Acute pointed;Target central product;In-axis;Straight;Trapezoidal;Yes;No;None;0;0;
117;An2-10-4-2;Triangular Point;Almost Complete;Type 1;29;13;5;Shattered;n/a;n/a;Flaking;Non-visible;Acute pointed;Lateral product;Off-axis left;Twisted;Triangular;No;No;None;0;0;Twisted triangular product from lateral extremities of reduction face
210;An2-10-4-2;Triangular Point;Almost Complete;Type 1;23;13;5;Plain;11;5;Absent;Diffuse;Acute pointed;Target central product;Off-axis left;Straight;Triangular;No;No;None;0;0;Small intercalated triangular production removing proximal overhang
229;An2-2011-1200;Triangular Point;Almost Complete;Type 1;63;17;7;Shattered;n/a;n/a;n/a;n/a;Acute pointed;Target central product;Off-axis left;Slightly curved;Triangular;Yes;No;None;0;0;
1507;An2-10-4-2;Triangular Point;Almost Complete;Type 1;32;16;3;Partially Faceted;6;3;Abrasion;Diffuse;Acute pointed;Target central product;Off-axis right;Hinged;Trapezoidal;Yes;No;None (distal straigt/oblique light use-wear);0;0;Twisted hinged small triangular point with distal use, showing that this type of blank was used
225;An2-10-4-2-gezeichnet;Triangular Point;Almost Complete;Type 1;61;25;6;Plain;25;5;Abrasion;Pronounced;Acute pointed;Target central product;In-axis;Straight;Trapezoidal;Yes;No;None (ventral bilateral use-wear towards to tip);0;0;GEZEICHNET in Jordanien-Band (shows the use of intercalated triangular forms)
223;An2-10-4-2-gezeichnet;Blade;Complete;Type 4;89;32;12;Plain;11;6;Absent;Diffuse;Irregular;Overpass;In-axis;Curved;Trapezoidal;No;No;"Left-lateral fine retouch along a large portion of the edge and ""notch"" towards distal end";0;0;GEZEICHNET in Jordanien-Band
1000;ANS2-10-1-1;Blade;Complete;Type 3;111;32;19;Plain;20;8;Absent;Diffuse;Irregular;Overpass;Off-axis left;Twisted;Trapezoidal;No;No;None;0;0;Technical overshoot blade with distal overhang
1107;ANS2-10-1-1;Blade;Complete;Type 4;77;28;19;Partially Faceted;21;6;Absent;Diffuse;Straight;Overpass;In-axis;Curved;Triangular;Yes;Yes;None;0;0;Technical overshoot blade with distal overhang
1514;ANS2-10-1-1;Blade;Complete;Type 4;73;29;11;Plain;20;8;Flaking;Diffuse;Straight;Lateral product;Off-axis left;Curved;Triangular;Yes;No;None;0;0;"Pseudo-overshoot blade; exotic RM"
1003;ANS2-10-1-1;Blade;Complete;Type 2;52;15;6;Faceted;9;4;Flaking;Diffuse;Acute pointed;Target central product;In-axis;Straight;Triangular;Yes;No;None;0;0;"Slightly distally ""buldging"""
1602;ANS2-10-1-1;Blade;Complete;Type 2;61;24;9;Plain;14;9;Abrasion+Flaking;Diffuse;Acute pointed;Target central product;In-axis;Slightly curved;Triangular;No;Yes;None;0;0;
1006;ANS2-10-1-1;Blade;Complete;Type 3;89;21;7;Partially Faceted;13;10;Absent;Diffuse;Wide pointed;Lateral product;Off-axis right;Twisted;Triangular;No;No;None;0;0;Nach oben aufgewoelbter Schlagflaechenrest
1213;ANS2-10-1-1;Blade;Complete;Type 4;78;32;13;Dihedral;21;10;Absent;Diffuse;Straight;Overpass;In-axis;Slightly curved;Triangular;Yes;No;None;0;0;Centrales overshotblade
1574;ANS2-10-1-1;Blade;Complete;Type 4;55;23;14;Plain;18;18;Absent;Diffuse;Straight;Preparatory;In-axis;Twisted;Triangular;No;No;None;0;0;"Pseudo-crested blade with steep triangular cross-section; initialization blade?; proximally burnt?"
1616;ANS2-10-1-1;Blade;Complete;Type 2;43;20;6;Partially Faceted;15;7;Absent;Diffuse;Acute pointed;Target central product;Off-axis left;Slightly curved;Triangular;No;No;None;0;0;
1623;ANS2-10-1-1;Blade;Complete;Type 4;85;49;17;Cortical/Natural Surface;21;11;Abrasion+Flaking;Diffuse;Curved;Overpass;In-axis;Curved;Triangular;Yes;No;None;0;0;Overshoot blade mit T-ending
1543;ANS2-10-1-1;Blade;Complete;Type 4;73;31;15;Plain;16;7;Abrasion;Diffuse;Straight;Overpass;In-axis;Twisted;Trapezoidal;No ;Yes;None;0;0;Steep and amorphous overshot blade with a number of failed dorsal blade/let removals
1532;ANS2-10-1-1;Blade;Complete;Type 3;102;36;13;Faceted;20;16;Flaking;Diffuse;Acute pointed;Preparatory;Off-axis right;Twisted;Triangular;No;No;None;0;0;"Extreme off-axis core-edge blade of crested character (but only one true ""crest"" scar); rejuventation flake"
1231;ANS2-10-1-1;Blade;Complete;Type 4;93;44;13;Cortical/Natural Surface;24;19;Flaking;Diffuse;Irregular;Preparatory;In-axis;Hinged;Trapezoidal;Yes;Yes;None;0;0;Convexity correction blade (that failed?)
1627;ANS2-10-1-1;Blade;Complete;Type 4;99;17;9;Partially Faceted;11;7;Absent;Diffuse;Straight;Overpass;In-axis;Slightly curved;Triangular;No;No;None;0;0;Steep, narrow overshoot blade without cortex with pseudo-cresting (edge nibbeln)
1524;ANS2-10-1-1;Blade;Complete;Type 4;71;17;14;Plain;10;3;Absent;Diffuse;Irregular;Preparatory;Off-axis left;Twisted;Trapezoidal;No;Yes;None;0;0;TYPICAL PIECE: removal of failed-bulged bladelet removal-overhang on the narrow edge, but from the direction of the core foot (against bladelet removal direction)
1559;ANS2-10-1-1;Blade;Complete;Type 4;61;25;25;Plain;18;9;Flaking;Diffuse;Straight;Overpass;Off-axis left;Twisted;Trapezoidal;Yes;No;None;0;0;TYPICAL PIECE: removal of failed-bulged bladelet removal-overhang on the narrow edge, in bladelet removal direction which also serves as overshoot and with cortical left lateral
1004;An2-10-4-1;Blade;Complete;Type 3;81;24;7;Plain;13;6;Absent;Diffuse;Acute pointed;Lateral product;Off-axis left;Straight;Trapezoidal;Yes;No;None;0;0;
1201;An2-10-4-1;Blade;Complete;Type 1;61;18;4;Linear;12;2;Absent;Diffuse;Acute pointed;Target central product;In-axis;Straight;Triangular;Yes;No;None;0;0;CLASSIC Intercalated product in-between blade and bladelet
1611;An2-10-2-1;Blade;Complete;Type 2;57;25;7;Cortical/Natural Surface;8;4;Absent;Diffuse;Acute pointed;Target central product;Off-axis right;Slightly curved;Trapezoidal;Yes;No;None;0;0;
1228;An2-10-2-1;Blade;Complete;Type 4;49;22;7;Plain;14;6;Absent;Diffuse;Irregular;Lateral product;Off-axis left;Twisted;Trapezoidal;No;Yes;None;0;0;"Use-wear on lateral right side; exotic RM"
1602;An2-10-2-1;Blade;Complete;Type 1;63;20;12;Punctiform;1;1;Absent;Diffuse;Acute pointed;Target central product;In-axis;Straight;Triangular;Yes;No;None;0;0;Central triangular piece, likely intercalated
1604;An2-10-2-1;Blade;Complete;Type 3;47;19;9;Plain;18;10;Absent;Pronounced;Acute pointed;Target central product;In-axis;Straight;Triangular;Yes;No;None;0;0;Intercalted almost triangular bladelet
1109;An2-10-2-1;Blade;Complete;Type 3;51;20;9;Plain;19;9;Absent;Pronounced;Wide pointed;Target central product;In-axis;Twisted;Trapezoidal;No;No;None;0;0;Central product but probably TECHNICAL character (predetermining) and restoring flattness of reduction surface
1202;An2-10-2-1;Blade;Complete;Type 3;53;19;5;Plain;16;4;Absent;Diffuse;Wide pointed;Target central product;Off-axis left;Twisted;Trapezoidal;Yes;No;None;0;0;
1223;An2-10-2-1;Blade;Complete;Type 4;50;21;8;Linear;11;1;Flaking;Diffuse;Straight;Target central product;In-axis;Hinged;Trapezoidal;Yes;No;None;0;0;Failed central blade
1505;An2-10-2-1;Blade;Complete;Type 2;58;17;4;Plain;8;3;Flaking;Diffuse;Acute pointed;Target central product;In-axis;Straight;Triangular;Yes;No;None;0;0;Broken disto-lateral part (excavation damage?)
1104;An2-10-2-1;Blade;Complete;Type 2;102;28;12;Cortical/Natural Surface;25;10;Absent;Pronounced;Acute pointed;Target central product;In-axis;Curved;Trapezoidal;No;Yes;None;0;0;VERY NICE EXAMPLE OF INTERCALATED PRODUCTION
1509;An2-10-2-1;Blade;Complete;Type 3;46;16;6;Partially Faceted;9;3;Absent;Non-visible;Acute pointed;Target central product;In-axis;Twisted;Triangular;No;Yes;None;0;0;Almost bladelet, but twisted
S47;An2-10-3-1 (wirklich IUP?);Blade;Complete;Type 2;32;14;4;Shattered;9;3;Abrasion;Non-visible;Acute pointed;Target central product;In-axis;Straight;Triangular;No;Yes;None;0;0;EARLY (no Y-pattern) central small blade in between larger blades
S48;An2-10-3-1 (wirklich IUP?);Blade;Complete;Type 3;33;14;3;Plain;5;3;Absent;Diffuse;Acute pointed;Lateral product;Off-axis right;Slightly curved;Triangular;No;No;None;0;0;
1110;An2-10-4-2;Blade;Complete;Type 3;90;29;16;Plain;13;12;Flaking;Non-visible;Wide pointed;Overpass;In-axis;Twisted;Triangular;Yes;No;None;0;0;Large overshoot blade (relatively EARLY) with dorsal bladelet scar
1610;An2-10-4-2;Blade;Complete;Type 2;48;20;5;Plain;8;4;Abrasion;Diffuse;Acute pointed;Target central product;In-axis;Hinged;Trapezoidal;Yes;No;None;0;0;Convergent small blade from intercalated prodcution showing that sometimes it was possible to produce to smaller pointed blanks in-between larger removals (almost similar sized bladelet scar preserved dosally)
67;An2-10-4-2;Blade;Complete;Type 2;38;19;4;Plain;11;4;Absent;Non-visible;Acute pointed;Target central product;In-axis;Hinged;Triangular;No;No;None;0;0;Early leafshaped smal pointed product
70;An2-10-4-2;Blade;Complete;Type 3;60;17;5;Plain;11;4;Absent;Non-visible;Acute pointed;Target central product;In-axis;Straight;Triangular;No;No;None;0;0;Early elongated blade/let
1310;An2-10-4-2;Blade;Complete;Type 2;42;20;3;Plain;4;2;Absent;Diffuse;Acute pointed;Target central product;Off-axis right;Twisted;Trapezoidal;No;No;None;0;0;Centralised leaf-shaped product
1005;An2-10-4-2-gezeichnet;Blade;Complete;Type 2;72;26;8;Plain;16;7;Flaking;Pronounced;Acute pointed;Target central product;Off-axis right;Twisted;Triangular;Yes;No;None;0;0;GEZEICHNET in Jordanien-Band
1007;An2-10-4-2-gezeichnet;Blade;Complete;Type 3;69;23;6;Plain;17;6;Abrasion;Diffuse;Acute pointed;Target central product;In-axis;Straight;Trapezoidal;Yes;No;None;0;0;GEZEICHNET in Jordanien-Band
227;An2-2011-1200;Blade;Complete;Type 3;68;14;5;Linear;10;1;Abrasion;Diffuse;Acute pointed;Target central product;Off-axis left;Twisted;Triangular;Yes;No;None;0;0;
235;An2-2011-1200;Blade;Complete;Type 3;34;14;3;Plain;5;3;Flaking;Diffuse;Acute pointed;Target central product;In-axis;Hinged;Triangular;No;Yes;None;0;0;Hinged central intercalation product
1224;An2-10-4-2;Blade;Complete;Type 1;54;20;10;Plain;19;11;Absent;Diffuse;Wide pointed;Target central product;In-axis;Slightly curved;Triangular;Yes;No;None (light use wear on the right lateral side (dorsally) = plain use as knife);0;0;Similar type of blank-tool relation as in 1591
1591;An2-10-4-2;Blade;Complete;Type 2;61;26;9;Plain;12;6;Flaking;Diffuse;Acute pointed;Target central product;Off-axis left;Hinged;Trapezoidal;Yes;Yes;None (light use wear on the right lateral side (ventrally) = plain use as knife);0;0;Central leaf-shaped blank with dorsal bladelet scars used to clear the V-structure (quasi preparatory)
1208;An2-10-4-2;Blade;Complete;Type 2;44;14;4;Plain;9;3;Absent;Non-visible;Acute pointed;Target central product;In-axis;Straight;Triangular;No;No;Two small notches right-lateral tip section;0;0;Intercalated early bladelet-like blade
1002;ANS2-10-1-1;Blade;Complete;Type 3;75;25;10;Partially Faceted;23;4;Absent;Pronounced;Acute pointed;Overpass;In-axis;Slightly curved;Trapezoidal;Yes;No;None;1;0;Small portion of dorsal cortex cover
1250;ANS2-10-1-1;Blade;Complete;Type 3;68;21;12;Linear;8;2;Absent;Diffuse;Acute pointed;Preparatory;Off-axis right;Twisted;Triangular;No;No;None;1;0;"Cortical distal cover steep ""egde-flake"", probably for opening the removal face"
1567;ANS2-10-1-1;Blade;Complete;Type 4;88;30;11;Plain;10;6;Absent;Diffuse;Wide pointed;Overpass;Off-axis right;Twisted;Side blade/débordant;No;No;None;1;0;Preparatory overshoot blade with right lateral cortical edge
1251;ANS2-10-1-1;Blade;Complete;Type 4;116;29;17;Partially Faceted;15;6;Absent;Diffuse;Curved;Overpass;In-axis;Twisted;Triangular;No;No;None;1;0;"Left distal cortical remant, and right natural surface on dorsal face; initial blade to open up the reduction surface"
1102;An2-10-4-1;Blade;Complete;Type 3;100;26;9;Plain;9;9;Flaking;Diffuse;Curved;Overpass;In-axis;Slightly curved;Trapezoidal;No;No;None;1;0;Plain, non-technical overshot blade with distal cortex remains
S8;An2-10-2-1;Blade;Complete;Type 4;71;24;19;Plain;14;6;Absent;Diffuse;Straight;Preparatory;In-axis;Straight;Side blade/débordant;No;No;None;1;0;Steep amorphous natural surface edge with incipient cresting (attempts), probably to active a natural crest/edge (overshoting)
TR1-L2-181;An2-10-2-1;Blade;Complete;Type 2;87;31;18;Plain;19;7;Absent;Pronounced;Acute pointed;Overpass;In-axis;Twisted;Side blade/débordant;Yes;Yes;None;1;0;Lateral overshoot blade with naturals surface remnant left and distal elongated triangular laminar removal from the opposite side (from core foot), probably in an attempt to correct the convexity before the overshoot removal was taken
1219;An2-10-2-1;Blade;Complete;Type 4;55;22;7;Partially Faceted;17;7;Absent;Pronounced;Wide pointed;Lateral product;In-axis;Curved;Side blade/débordant;Yes;No;None;1;0;Right-lateral cortex
1225;An2-10-2-1;Blade;Complete;Type 4;82;25;18;Plain;13;9;Flaking;Diffuse;Straight;Overpass;Off-axis left;Twisted;Trapezoidal;No;Yes;None;1;0;Overshoot correction blade to rejuvenate convexity after hinged laminar removal with some minor cortex on the left latero-distal
1582;An2-10-2-1;Blade;Complete;Type 4;50;22;9;Partially Faceted;12;3;Abrasion;Diffuse;Irregular;Overpass;In-axis;Curved;Side blade/débordant;No;Yes;None;1;0;"Short overshoot blade with left cortext-edge; exotic RM"
1103;An2-10-2-1;Blade;Complete;Type 3;74;26;8;Partially Faceted;12;2;Flaking;Diffuse;Wide pointed;Overpass;Off-axis left;Slightly curved;Trapezoidal;Yes;Yes;None;1;0;Atypical overpass since feather ending but with natural surface remnants
S22;An2-10-2-1;Blade;Complete;Type 2;44;21;4;Plain;15;3;Flaking;Diffuse;Acute pointed;Lateral product;In-axis;Twisted;Triangular;No;No;None;1;0;Bisschen cortex (less than half)
1003;An2-10-4-2;Blade;Complete;Type 4;84;21;8;Plain;9;5;Flaking;Pronounced;Straight;Overpass;In-axis;Curved;Trapezoidal;Yes;No;None;1;0;Overpass blade with some cortex at the distal part (bot not at the very end)
1229;An2-10-4-2;Blade;Complete;Type 4;63;30;6;Plain;11;5;Abrasion;Pronounced;Irregular;Lateral product;In-axis;Slightly curved;Side blade/débordant;No;Yes;None;1;0;Small portion of right-lateral cortex
68;An2-10-4-2;Blade;Complete;Type 4;59;24;11;Plain;16;11;Absent;Pronounced;Curved;Overpass;In-axis;Twisted;Trapezoidal;Yes;No;None;1;0;Atypical overpass with small portion of natural surface distally
85;An2-10-4-2;Blade;Complete;Type 4;34;17;6;Plain;8;5;Flaking;Diffuse;n/a;Lateral product;Off-axis left;Hinged;Trapezoidal;No;Yes;None;1;0;Lateral off-axis blade with hinge and later cortex of core-edge
93;An2-10-4-2;Blade;Complete;Type 4;39;14;5;Shattered;n/a;n/a;Absent;Diffuse;Irregular;Lateral product;In-axis;Twisted;Side blade/débordant;No;No;None;1;0;Steep lateral cortical edge
1530;An2-10-2-1;Blade;Complete;Type 2;155;61;38;Plain;53;35;Absent;Non-visible;Acute pointed;Initial Shaping/Decortification;In-axis;Straight;Triangular;;;"Heavy-duty retouch on tip and left-tip-lateral (""knife"" on initial opening blade)";1;1;Large flake with >50% cortex to open up an initial narrow face for reduction or for creating the striking platform
1566;An2-10-2-1;Blade;Complete;Type 4;61;22;10;Plain;16;8;Abrasion;Diffuse;Curved;Preparatory;Off-axis right;Twisted;Side blade/débordant;Yes;Yes;None;1;1;High cortical (>50%) initial blade with a complete and a hinged bladelety scar
1580;An2-10-2-1;Blade;Complete;Type 4;47;21;5;Plain;9;3;Absent;Diffuse;Straight;Initial Shaping/Decortification;In-axis;Curved;Trapezoidal;No;No;None;1;1;>80% dorsal cortex
1258;An2-10-2-1;Blade;Complete;Type 4;49;20;6;Plain;13;4;Flaking;Diffuse;Straight;Lateral product;In-axis;Hinged;Trapezoidal;No;Yes;None;1;1;ca. 50% cortex
S27;An2-10-2-1;Blade;Complete;Type 4;76;36;19;Partially Faceted;10;3;Absent;Diffuse;Wide pointed;Overpass;In-axis;Twisted;Triangular;No;No;None;1;1;Large 50% cortex bearing overshoot blade
1558;An2-10-4-2;Blade;Complete;Type 3;101;45;16;Plain;31;17;Absent;Pronounced;Acute pointed;Initial Shaping/Decortification;In-axis;Twisted;Triangular;No;No;None;1;1;">50 cortex; transition product to move and open up the ""broad side"" of the core"
Tr121-59;ANS2-10-1-1;Bladelet;Complete;Type 2;46;11;4;Plain;10;4;Flaking;Diffuse;Acute pointed;Target central product;Off-axis right;Slightly curved;Trapezoidal;Yes;No;None;0;0;
1204;An2-10-2-1;Bladelet;Complete;Type 3;52;12;3;Partially Faceted;9;2;Flaking;Diffuse;Acute pointed;Lateral product;Off-axis right;Twisted;Triangular;Yes;No;None;0;0;Twisted bladelet obtained from a core-edge (Aurignacian style)
S51;An2-10-3-1 (wirklich IUP?);Bladelet;Complete;Type 4;21;11;2;Linear;2;1;Absent;Diffuse;Straight;Target central product;In-axis;Hinged;Triangular;No;No;None;0;0;Failed central bladelet/small narrow blade
1501;An2-10-4-2;Bladelet;Complete;Type 3;58;12;4;Plain;7;4;Abrasion;Diffuse;Acute pointed;Target central product;Off-axis left;Twisted;Trapezoidal;Yes;No;None;0;0;Perfect parallel-lateral bladelet but twisted and likely from core-edge rather than overhang or intercalation
1508;An2-10-4-2;Bladelet;Complete;Type 2;35;12;5;Plain;7;5;Absent;Diffuse;Acute pointed;Target central product;In-axis;Straight;Triangular;No;No;None;0;0;Intercalated production (early stage, non-Y-structure)
1507;An2-10-4-2;Bladelet;Complete;Type 4;32;12;5;Partially Faceted;9;5;Abrasion;Diffuse;Curved;Target central product;In-axis;Hinged;Trapezoidal;Yes;No;None;0;0;Failed central bladelet (hinged, thus non-pointed), direkt an der Kante die stehenbleibt wenn keine Kernkantenkorrektur zwischen large Laminarabhueben durchgefuehrt wird
1206;An2-10-4-2;Bladelet;Complete;Type 4;26;11;6;Plain;10;6;Absent;Diffuse;Curved;Target central product;In-axis;Hinged;Triangular;No;No;None;0;0;"Failed central bladelet on overhang (""pseudo-en eperon"")"
158;An2-10-4-2;Bladelet;Complete;Type 4;25;11;3;Plain;9;4;Absent;Diffuse;Straight;Target central product;In-axis;Hinged;Triangular;No;No;None;0;0;Early failed intercalated product (hinged), with slight twist
189;An2-10-4-2;Bladelet;Complete;Type 4;19;9;4;Plain;9;4;Absent;Diffuse;Curved;Target central product;Off-axis right;Hinged;Triangular;No;No;None;0;0;Failed intercalated product
237;An2-2011-1200;Bladelet;Complete;Type 3;22;10;3;Plain;5;2;Flaking;Diffuse;Curved;Target central product;In-axis;Hinged;Triangular;No;Yes;None;0;0;Hinged and thus likely failed central intercalated bladelet (pointedness required not achieved)
2051;An2-2011-1200;Bladelet;Complete;;26;11;4;Plain;5;2;Flaking;Diffuse;Acute pointed;Lateral product;Off-axis left;Hinged;Side blade/débordant;No;No;None;0;0;"Atypical ""bladelet"" with almost 90degree core-edge (flaked, non-cortical)"
1209;An2-10-2-1;Bladelet;Complete;Type 2;36;10;4;Cortical/Natural Surface;8;3;Absent;Non-visible;Acute pointed;Target central product;In-axis;Straight;Triangular;No;No;None;1;0;PERFECT PLAIN EARLY BLADELET (natural surface platform)
74;An2-10-4-2;Bladelet;Complete;Type 1;28;10;4;Linear;10;1;Flaking;Non-visible;Acute pointed;Lateral product;Off-axis left;Straight;Triangular;No;No;None;1;0;Early triangular off-axis bladelet (nonintendet) with small portion of left-lateral cortex
1512;ANS2-10-1-1;Flake;Complete;;74;80;11;Partially Faceted;41;11;Absent;Pronounced;;Preparatory;In-axis;Straight;;;;None;0;0;Core tablet function?
1553;ANS2-10-1-1;Flake;Complete;;113;48;32;Plain;25;20;Flaking;Pronounced;;Preparatory;In-axis;Twisted;;;;None;0;0;"Clearly initial opening flake with crested elements (initial heteromorphous cresting elements to open up the flaking/reduction surface); or removal of top of striking surface to create a new surface and correct angle"
1537;ANS2-10-1-1;Flake;Complete;Type 1;63;38;13;Cortical/Natural Surface;18;6;Flaking;Diffuse;Acute pointed;Lateral product;In-axis;Straight;Side blade/débordant;No;No;None;0;0;Edge product, preparatory character but not explicit
1211;ANS2-10-1-1;Flake;Complete;;62;77;16;Plain;9;15;Flaking;Diffuse;;Preparatory;In-axis;Straight;;;;None;0;0;Buldgy, preparatory flake with distal overpass, probably to create the striking platform or to open up the flank
1232;ANS2-10-1-1;Flake;Complete;;77;72;16;Cortical/Natural Surface;23;9;Absent;Pronounced;Straight;Overpass;Off-axis right;Curved;Trapezoidal;;;None;0;0;Overpass flake to open up the flank
1212;ANS2-10-1-1;Flake;Complete;;37;67;9;Faceted;55;9;Flaking;Pronounced;;Preparatory;Off-axis left;Straight;Trapezoidal;;;None;0;0;"pseudo-blade/triangular flake; CLASSIC platform flake with core-edge remnants"
S3;An2-10-4-1;Flake;Complete;n/a;62;38;15;Plain;26;9;Absent;Pronounced;n/a;Lateral product;Off-axis right;Slightly curved;Side blade/débordant;No;Yes;None;0;0;Curved ENDSCRAPER on cortical (30%) elongated flake with hinged blade negative on dorsal surface
1606;An2-10-2-1;Flake;Complete;Type 1;40;28;11;Faceted;24;10;Absent;Diffuse;Acute pointed;Target central product;In-axis;Straight;Triangular;No;No;None;0;0;Pointed flake, Levallois point-like without Y-scar pattern
1512;An2-10-2-1;Flake;Complete;;50;52;13;Faceted;46;12;Absent;Pronounced;;Preparatory;Off-axis left;Straight;Trapezoidal;;;None;0;0;Core tablet
1113;An2-10-2-1;Flake;Complete;;70;48;9;Plain;8;4;Absent;Diffuse;;Preparatory;In-axis;Hinged;Trapezoidal;No;No;None;0;0;Qausi-overshoot, hinged, twisted flake at the edge of the reduction surface to remove hinged dorsal removals, possibly from opposite of the main striking surface
1236;An2-10-2-1;Flake;Complete;;29;21;6;Plain;20;7;Absent;Diffuse;Acute pointed;Target central product;In-axis;Hinged;Trapezoidal;No;No;None;0;0;Flake varient of triangular intercalated blade/let products
S16;An2-10-2-1;Flake;Complete;;29;16;3;Plain;4;2;Absent;Non-visible;;Target central product;In-axis;Hinged;Trapezoidal;Yes;No;None;0;0;Hinged broad bladelet attempt
S17;An2-10-2-1;Flake;Complete;;27;16;6;Plain;10;6;Absent;Diffuse;;;In-axis;Hinged;Triangular;;;None;0;0;Relatively centralised removal of Grat-ueberhang and Interkalationsstellen (quasi-preparational) or failed attempt of intercalated small-pointed removal
1512;An2-10-2-1;Flake;Complete;;44;39;15;Partially Faceted;38;13;Flaking;Pronounced;Straight;Lateral product;In-axis;Hinged;Trapezoidal;No;No;None;0;0;
1511;An2-10-2-1;Flake;Complete;;33;61;8;Faceted;28;6;Abrasion+Flaking;Diffuse;Straight;Preparatory;In-axis;Hinged;;;;None;0;0;"Preparatory flake with remnants of former core edge; rejuventation of core edge from the back of a flank?"
1519;An2-10-2-1;Flake;Complete;;53;58;11;Plain;34;11;Flaking;Pronounced;;;In-axis;Straight;;No;No;None;0;0;Initial shaping flake (without cortext)
TR1-L2-52;An2-10-2-1;Flake;Complete;;45;34;15;Plain;29;13;Absent;Diffuse;Acute pointed;Lateral product;Off-axis right;Straight;Triangular;No;No;None;0;0;
S28;An2-10-2-1;Flake;Complete;;52;37;12;Dihedral;27;8;Abrasion+Flaking;Diffuse;Acute pointed;Lateral product;Off-axis right;Straight;Triangular;No;No;None;0;0;
1530;An2-10-2-1;Flake;Complete;;41;22;4;Partially Faceted;16;4;Absent;Diffuse;;Preparatory;In-axis;Slightly curved;Side blade/débordant;;;None;0;0;Small platform flake/blade correcting a previous larger correction flake
S32;An2-10-2-1;Flake;Complete;;39;30;6;Partially Faceted;31;4;Abrasion;Diffuse;Wide pointed;;In-axis;Curved;;;;None;0;0;
1240;An2-10-2-1;Flake;Complete;;34;23;4;Linear;19;1;Flaking;Diffuse;Wide pointed;Target central product;In-axis;Hinged;Trapezoidal;No;No;None;0;0;
S34;An2-10-2-1;Flake;Complete;;26;16;5;Partially Faceted;10;5;Absent;Diffuse;Wide pointed;Target central product;Off-axis left;Hinged;Trapezoidal;No;Yes;None;0;0;Hinged central flake-blade removing left-overhang
S39;An2-10-2-1;Flake;Complete;;18;19;3;Partially Faceted;15;3;Absent;Diffuse;;;Off-axis left;Twisted;Trapezoidal;;;None;0;0;
1249;An2-10-3-1 (wirklich IUP?);Flake;Complete;;41;25;9;Faceted;18;7;Abrasion;Diffuse;Wide pointed;Target central product;In-axis;Slightly curved;Triangular;No;No;None;0;0;
1238;An2-10-3-1 (wirklich IUP?);Flake;Complete;;40;23;5;Plain;7;5;Flaking;Diffuse;Curved;Target central product;In-axis;Hinged;Trapezoidal;No;No;None;0;0;
S54;An2-10-3-1 (wirklich IUP?);Flake;Complete;;26;16;4;Partially Faceted;15;4;Abrasion;Diffuse;Straight;;Off-axis right;Hinged;Triangular;No;No;None;0;0;Failed central small triangular piece (hinged)
S57;An2-10-3-1 (wirklich IUP?);Flake;Complete;;12;22;5;Cortical/Natural Surface;6;5;Flaking;Diffuse;;Preparatory;In-axis;Straight;;No;No;None;0;0;Super-short and small platform flake with remnants of both platform prep and reduction negatives (micro-preparation)
69;An2-10-4-2;Flake;Complete;;35;23;5;Punctiform;1;1;Absent;Non-visible;Curved;;In-axis;Hinged;Trapezoidal;Yes;No;None;0;0;Proximal freitstellung von punctiform patforms a la en eperon
84;An2-10-4-2;Flake;Complete;;34;21;5;Plain;11;5;Flaking;Diffuse;Straight;Overpass;In-axis;Twisted;Trapezoidal;Yes;No;None;0;0;Elongated overpass flake with nice pointed blade/let scar on dorsal face
102;An2-10-4-2;Flake;Complete;;24;16;8;Plain;14;4;Absent;Pronounced;Straight;Overpass;In-axis;Straight;Trapezoidal;;;None;0;0;
114;An2-10-4-2;Flake;Complete;;10;16;6;Plain;12;6;Abrasion;Non-visible;Straight;Overpass;Off-axis left;Straight;Trapezoidal;No;No;None;0;0;
125;An2-10-4-2;Flake;Complete;;21;28;10;Plain;28;12;Absent;Non-visible;Wide pointed;n/a ;Off-axis right;Twisted;Trapezoidal;Yes;No;None;0;0;Probably preparatory: Setting back of reduction surface angle by slicing away an overhang structure from the main reduction surface
146;An2-10-4-2;Flake;Complete;;22;15;7;Plain;10;4;Abrasion;Diffuse;Wide pointed;Target central product;In-axis;Hinged;Triangular;No;No;None;0;0;Steep overhang ridge removed, failed elongated intercalated removal
177;An2-10-4-2;Flake;Complete;;16;20;5;Plain;7;2;Absent;Pronounced;Straight;Target central product;In-axis;Hinged;Trapezoidal;No;No;None;0;0;
206;An2-10-4-2;Flake;Complete;;17;14;5;Plain;12;5;Abrasion;Pronounced;;Target central product;Off-axis left;Hinged;Trapezoidal;No;No;None;0;0;Failed/hinged central intercalated removals
220;An2-10-4-2;Flake;Complete;;25;30;3;Linear;2;1;Flaking;Diffuse;;Overpass;Off-axis right;Hinged;Trapezoidal;No;No;None;0;0;"Extremely unusual dorsal scar structure; looks like a classic BIFACIAL shaping flake!!!!"
222;An2-10-4-2;Flake;Complete;;19;20;2;Linear;18;1;Flaking;Pronounced;;n/a ;In-axis;Hinged;;No;No;None;0;0;Same RM as 220, could come from the same process and looks also a bit like a shaping flake
2502;An2-2011-1200;Flake;Complete;;35;24;5;Plain;23;5;Flaking;Diffuse;Straight;Lateral product;Off-axis right;Twisted;Side blade/débordant;No;No;None;0;0;Probably failed blade on almost 90degree core-edge (flaked, non-cortical)
244;An2-2011-1200;Flake;Complete;;22;15;5;Plain;14;3;Absent;Pronounced;Wide pointed;Lateral product;In-axis;Twisted;Side blade/débordant;No;No;None;0;0;Convergent core-edge flake (non-cortical core surface)
1555;ANS2-10-1-1;Flake;Complete;;47;62;16;Cortical/Natural Surface;42;14;Absent;Diffuse;;Overpass;In-axis;Twisted;Trapezoidal;;;None;1;0;Buldgy overpass flake with unilateral natural surface and distal cortical remants, suggesting a role in initial core shaping or platform creation
1523;An2-10-2-1;Flake;Complete;;39;51;9;Cortical/Natural Surface;20;7;Abrasion;Diffuse;;Initial Shaping/Decortification;Off-axis left;Twisted;;;;None;1;0;Shaping flake with cortex on lateral edge (striking or flaking surface prep)
1542;An2-10-2-1;Flake;Complete;;38;43;11;Plain;22;10;Absent;Pronounced;;;In-axis;Slightly curved;;No;No;None;1;0;Flank or shaping flake with distal cortext (less than 50%)
1239;An2-10-2-1;Flake;Complete;;35;21;4;Plain;13;3;Absent;Diffuse;Wide pointed;Lateral product;Off-axis right;Hinged;Trapezoidal;No;No;None;1;0;Right-lateral natural surface remnant (not even close to 50%)
TR1-L2-52;An2-10-2-1;Flake;Complete;;20;19;3;Punctiform;1;1;Absent;Diffuse;;;In-axis;Slightly curved;Trapezoidal;;;None;1;0;Tiny bit of cortex
S37;An2-10-2-1;Flake;Complete;;23;25;4;Plain;12;4;Flaking;Diffuse;;Lateral product;In-axis;Hinged;Side blade/débordant;;;None;1;0;Small flake with natural surface edge
1526;An2-10-4-2;Flake;Complete;;34;34;11;Plain;36;11;Flaking;Pronounced;;;Off-axis left;Straight;Side blade/débordant;No;No;None;1;0;Corrective edge-flake (edge has natural surface, but not >50%)
1538;An2-10-4-2;Flake;Complete;;44;26;10;Partially Faceted;20;10;Flaking;Diffuse;;Lateral product;Off-axis left;Twisted;;No;No;None;1;0;Lateral flake with small cortical portion (10-20%)
1579;An2-10-4-2;Flake;Complete;;50;28;12;Shattered;26;10;Flaking;Diffuse;Acute pointed;Lateral product;In-axis;Straight;Triangular;No;Yes;None;1;0;Triangular flake with right-lateral cortex (20-30%)
62;An2-10-4-2;Flake;Complete;;57;34;8;Plain;22;4;Flaking;Non-visible;Irregular;Lateral product;Off-axis right;Curved;Trapezoidal;Yes;No;None;1;0;Distal cortex (20%)
83;An2-10-4-2;Flake;Complete;n/a;23;22;10;Plain;19;10;Absent;Diffuse;Straight;Lateral product;In-axis;Twisted;Side blade/débordant;No;No;None;1;0;
89;An2-10-4-2;Flake;Complete;;42;23;7;Shattered;n/a;n/a;Absent;n/a;Acute pointed;Initial Shaping/Decortification;Off-axis left;Hinged;Triangular;No;No;None;1;0;Almost 50% lateral cortex
110;An2-10-4-2;Flake;Complete;;24;24;10;Plain;15;8;Flaking;Non-visible;Irregular;Lateral product;Off-axis right;Twisted;Trapezoidal;No;No;None;1;0;Right-lateral cortex portion
166;An2-10-4-2;Flake;Complete;;20;25;6;Plain;13;5;Absent;Pronounced;;Lateral product;In-axis;Hinged;Side blade/débordant;No;No;None;1;0;Core-edge flake (natural surface), perhaps to prepare the striking platform
197;An2-10-4-2;Flake;Complete;;24;27;7;Plain;19;7;Flaking;Large Scar;;Preparatory;;Straight;Side blade/débordant;No;No;None;1;0;Platform flake with previous removal to install striking platform and small amout of right-lateral cortex
202;An2-10-4-2;Flake;Complete;;21;17;8;Cortical/Natural Surface;18;8;Absent;Diffuse;;Initial Shaping/Decortification;;Straight;Side blade/débordant;No;No;None;1;0;Edge-flake with tiny portion of cortex
1577;An2-10-2-1;Flake;Complete;;26;49;8;Plain;16;4;Absent;Diffuse;;;In-axis;Slightly curved;;;;None;1;1;Distal curved cortex, ca 50%
TR1-L2-44;An2-10-2-1;Flake;Complete;;27;27;9;Plain;4;9;Absent;Diffuse;;Initial Shaping/Decortification;In-axis;Twisted;;;;None;1;1;Cortical flake (almost 100%)
1581;An2-10-4-2;Flake;Complete;;30;32;11;Plain;24;9;Flaking;Pronounced;;Initial Shaping/Decortification;In-axis;Straight;;;;None;1;1;Cortical flake (almost 100%)
1253;An2-10-4-2;Flake;Complete;;58;41;12;Plain;23;6;Absent;Diffuse;;Initial Shaping/Decortification;Off-axis left;Twisted;;No;No;None;1;1;Cortical flake to extend exploitation surface/open up lateral parts/flanks (ca 60% cortex)
131;An2-10-4-2;Flake;Complete;;24;24;3;Plain;5;2;Absent;Pronounced;;Initial Shaping/Decortification;In-axis;Twisted;;No;No;None;1;1;ca. 50% cortex
139;An2-10-4-2;Flake;Complete;Type 3;39;20;8;Faceted;17;8;Absent;Diffuse;Acute pointed;Lateral product;Off-axis left;Straight;Side blade/débordant;No;No;None;1;1;"ca 50% cortex; cortical edge blady flake"
240;An2-2011-1200;Flake;Complete;;60;57;20;Plain;59;17;Absent;Pronounced;Straight;Initial Shaping/Decortification;Off-axis left;Twisted;;Yes;No;None;1;1;ca 50% cortical thick overpassing initialisation flake, probably for creating a striking platform
1631;An2-10-2-1;Spall;Complete;;38;16;8;Plain;3;3;Flaking;Diffuse;;Preparatory;In-axis;Twisted;Side blade/débordant;;;None;1;1;"Quasi-core edge preserved: either for creating a cutting edge for a tool or for rejuventating the top-front of a reduction surface and extending the reduction area horizontally (removal of substantial amount of cortext); >50% cortex in total; EARLY STAGE REDUCTION"
1605;ANS2-10-1-1;Triangular Bladelet Point;Complete;Type 1;38;16;9;Partially Faceted;16;9;Absent;Diffuse;Acute pointed;Target central product;In-axis;Straight;Triangular;No;No;None;0;0;Example of an intercalated bladelet-like product of similar type as the central blade triangular points
S45;An2-10-3-1 (wirklich IUP?);Triangular Bladelet Point;Complete;Type 1;18;11;3;Plain;7;3;Absent;Diffuse;Acute pointed;Target central product;In-axis;Twisted;Trapezoidal;No;No;None;0;0;Pseudo-bladelet from central Grat/intercalated production
1680;ANS2-10-1-1;Triangular Point;Complete;Type 1;41;26;6;Dihedral;16;5;Absent;Diffuse;Acute pointed;Target central product;Off-axis left;Curved;Trapezoidal;Yes;No;None;0;0;
1590;ANS2-10-1-1;Triangular Point;Complete;Type 1;64;39;11;Partially Faceted;25;10;Abrasion;Pronounced;Acute pointed;Target central product;In-axis;Slightly curved;Triangular;No;No;None;0;0;"elongated ""pseudo-Levallois"" Flake"
1248;An2-10-2-1;Triangular Point;Complete;Type 1;38;23;7;Partially Faceted;23;5;Flaking;Diffuse;Acute pointed;Target central product;In-axis;Straight;Triangular;No;No;None;0;0;Levallois-point like product
1607;An2-10-2-1;Triangular Point;Complete;Type 1;53;28;9;Partially Faceted;28;8;Abrasion;Diffuse;Acute pointed;Target central product;In-axis;Straight;Triangular;No;No;None;0;0;"Levallois-point like product with straight base; intercalated product"
1619;An2-10-2-1;Triangular Point;Complete;Type 1;56;20;7;Partially Faceted;20;8;Absent;Diffuse;Acute pointed;Target central product;In-axis;Hinged;Triangular;Yes;No;None;0;0;Elongated thin triangular point, intercalated production
AN2-02;An2-10-2-1;Triangular Point;Complete;Type 2;62;30;11;Plain;11;3;Flaking;Diffuse;Acute pointed;Target central product;In-axis;Curved;Triangular;Yes;No;None;0;0;"Elongated pointed flake; exotic SPECKI-RM (Chalzedon?)"
1521;An2-10-2-1;Triangular Point;Complete;Type 1;45;27;8;Partially Faceted;15;6;Absent;Diffuse;Wide pointed;Target central product;In-axis;Hinged;Triangular;Yes;No;None;0;0;Other RM/burnt
1535;An2-10-2-1;Triangular Point;Complete;Type 1;68;29;8;Partially Faceted;27;9;Absent;Pronounced;Acute pointed;Target central product;Off-axis left;Slightly curved;Triangular;Yes;No;None;0;0;Typical triangular central product but discarded due to distal quasi-overpass function (removal of overhang)
S24;An2-10-2-1;Triangular Point;Complete;Type 1;36;11;7;Partially Faceted;11;7;Absent;Non-visible;Acute pointed;Target central product;In-axis;Straight;Triangular;No;No;None;0;0;Elongated triangle, strict bladelet but no parallel laterals
1596;An2-10-4-2;Triangular Point;Complete;Type 1;37;27;8;Dihedral;21;4;Abrasion;Pronounced;Acute pointed;Target central product;In-axis;Hinged;Trapezoidal;Yes;No;None;0;0;Small pointed Levallois-flake coming from the V-structure in between larger removals with a previous almost-similar size/shaped Levallois-point removal
71;An2-10-4-2;Triangular Point;Complete;Type 1;26;19;5;Partially Faceted;19;6;Absent;Pronounced;Acute pointed;Target central product;In-axis;Straight;Triangular;Yes;No;None;0;0;Small Levallois point-like removal with similar shaped previous removal scar on dorsal face
156;An2-10-4-2;Triangular Point;Complete;Type 1;26;14;9;Plain;15;9;Absent;Non-visible;Acute pointed;Target central product;Off-axis left;Twisted;Triangular;No;No;None;0;0;Triangular steep, V-crosssection product, principally removing the steep remaining ridge (failed intercalated product or core-edge correction)
230;An2-2011-1200;Triangular Point;Complete;Type 1;57;28;13;Plain;18;9;Flaking;Pronounced;Acute pointed;Initial Shaping/Decortification;In-axis;Curved;Trapezoidal;No;No;None (left distal-lateral light use-wear on the tip);1;0;"40% right lateral cortex cover; unusual triangular point type 1 (expansion of reduction surface not intercalation)"
1241;An2-10-2-1;Triangular Point;Complete;Type 1;42;29;11;Dihedral;25;11;Absent;Diffuse;Acute pointed;Preparatory;In-axis;Curved;Triangular;No;No;None;1;1;"50% left-lateral cortext; platform blade that resembles other central triangular flake-blade products and/or alternate reduction on a close to 90degree core angle"
1100;ANS2-10-1-1;Triangular Point;Complete;Type 1;67;19;10;Plain;15;8;Absent;Pronounced;Acute pointed;Lateral product;Off-axis right;Twisted;Trapezoidal;Yes;Yes;None;1;0;Pseudo-tanged
1001;ANS2-10-1-1;Blade;Distal;Type 1;n/a;26;11;n/a;n/a;n/a;n/a;n/a;Acute pointed;Lateral product;Off-axis right;Twisted;Trapezoidal;Yes;No;Distal-bilateral;0;0;Very light retouch at both sides of the tip (use-wear?)
S19;An2-10-2-1;Blade;Distal;n/a;n/a;20;4;n/a;n/a;n/a;n/a;n/a;Acute pointed;n/a ;n/a;Straight;Trapezoidal;;;None;0;0;Blade tip fragment
S25;An2-10-2-1;Blade;Distal;n/a;n/a;15;2;n/a;n/a;n/a;n/a;n/a;Straight;n/a ;n/a;Slightly curved;Trapezoidal;No;No;None;0;0;
S42;An2-10-3-1 (wirklich IUP?);Blade;Distal;Type 3;n/a;13;6;n/a;n/a;n/a;n/a;n/a;Acute pointed;Overpass;In-axis;Curved;Triangular;Yes;No;None;0;0;Almost bladelet overshot (atypical)
60;An2-10-4-2;Blade;Distal;n/a;n/a;21;5;n/a;n/a;n/a;n/a;n/a;Acute pointed;Target central product;In-axis;Straight;Trapezoidal;No;No;None;0;0;
91;An2-10-4-2;Blade;Distal;n/a;n/a;18;5;n/a;n/a;n/a;n/a;n/a;Acute pointed;Target central product;In-axis;Slightly curved;Triangular;No;No;None;0;0;
98;An2-10-4-2;Blade;Distal;Type 4;n/a;20;4;n/a;n/a;n/a;n/a;n/a;Straight;n/a ;In-axis;Hinged;Trapezoidal;No;No;None;0;0;Bidirectional scar pattern! With triangular cut scars coming from both sides (in-axis scar is also hinged perhaps indicating the preparory role of opposite platform reduction
100;An2-10-4-2;Blade;Distal;Type 3;n/a;20;7;n/a;n/a;n/a;n/a;n/a;Acute pointed;Overpass;In-axis;Slightly curved;Triangular;No;No;None;0;0;
104;An2-10-4-2;Blade;Distal;Type 3;n/a;15;3;n/a;n/a;n/a;n/a;n/a;Acute pointed;Target central product;Off-axis right;Twisted;Triangular;No;No;None;0;0;
137;An2-10-4-2;Blade;Distal;Type 3;n/a;13;3;n/a;n/a;n/a;n/a;n/a;Wide pointed;Target central product;In-axis;Straight;Triangular;No;No;None;0;0;
142;An2-10-4-2;Blade;Distal;n/a;n/a;17;6;n/a;n/a;n/a;n/a;n/a;Acute pointed;Target central product;n/a;Straight;Triangular;No;No;None;0;0;
144;An2-10-4-2;Blade;Distal;Type 3;n/a;15;4;n/a;n/a;n/a;n/a;n/a;Acute pointed;Target central product;In-axis;Hinged;Triangular;No;No;None;0;0;Hinged central blade removal in between two larger flakes or blades
145;An2-10-4-2;Blade;Distal;Type 4;n/a;13;5;n/a;n/a;n/a;n/a;n/a;Straight;Target central product;In-axis;Hinged;Triangular;No;Yes;None;0;0;Failed/hinged central bladelet to remove guiding ridge 
148;An2-10-4-2;Blade;Distal;Type 3;n/a;22;6;n/a;n/a;n/a;n/a;n/a;Wide pointed;Lateral product;In-axis;Hinged;Side blade/débordant;No;No;None;0;0;Edge product but not on cortex or natural surface
155;An2-10-4-2;Blade;Distal;n/a;n/a;13;3;n/a;n/a;n/a;n/a;n/a;Acute pointed;Target central product;In-axis;Straight;Triangular;No;No;None;0;0;Early central triangular product
160;An2-10-4-2;Blade;Distal;Type 4;n/a;18;5;n/a;n/a;n/a;n/a;n/a;Straight;Target central product;In-axis;Hinged;Triangular;No;No;None;0;0;Early failed bladed, hinged at intercalated production (evidence for flat reduction surfaces with almost exhausted convexities
169;An2-10-4-2;Blade;Distal;n/a;n/a;18;5;n/a;n/a;n/a;n/a;n/a;Acute pointed;Target central product;In-axis;Hinged;Triangular;No;No;None;0;0;Probably distal fragment of leaf-shaped/triangular intermediate product
172;An2-10-4-2;Blade;Distal;n/a;n/a;11;3;n/a;n/a;n/a;n/a;n/a;Acute pointed;Target central product;Off-axis left;Twisted;Triangular;No;No;None;0;0;Distal tip of former blade
173;An2-10-4-2;Blade;Distal;n/a;n/a;8;2;n/a;n/a;n/a;n/a;n/a;Acute pointed;Target central product;n/a;Twisted;Triangular;No;No;None;0;0;Distal tip, probably intercalated triangular product
192;An2-10-4-2;Blade;Distal;n/a;n/a;12;2;n/a;n/a;n/a;n/a;n/a;Acute pointed;Target central product;n/a;Straight;Trapezoidal;No;No;None;0;0;
195;An2-10-4-2;Blade;Distal;Type 3;n/a;16;4;n/a;n/a;n/a;n/a;n/a;Wide pointed;Target central product;In-axis;Twisted;Trapezoidal;No;No;None;0;0;
201;An2-10-4-2;Blade;Distal;n/a;n/a;21;5;n/a;n/a;n/a;n/a;n/a;Acute pointed;Target central product;n/a;Slightly curved;Trapezoidal;Yes;No;None;0;0;
232;An2-2011-1200;Blade;Distal;Type 4;n/a;25;5;n/a;n/a;n/a;n/a;n/a;n/a;Target central product;In-axis;Straight;Trapezoidal;No;No;None;0;0;CLASSIC bidirectional scar pattern blade
233;An2-2011-1200;Blade;Distal;Type 3;n/a;15;5;n/a;n/a;n/a;n/a;n/a;Acute pointed;Target central product;n/a;Straight;Trapezoidal;No;No;None;0;0;
1222;ANS2-10-1-1;Blade;Distal;n/a;n/a;19;6;n/a;n/a;n/a;n/a;n/a;Acute pointed;n/a ;n/a;Slightly curved;Trapezoidal;n/a;n/a;None (light wear on the light side);0;0;Probably evidence for light-use of plain pointed blades
2049;An2-2011-1200;Blade;Distal;Type 4;n/a;29;9;n/a;n/a;n/a;n/a;n/a;Straight;Overpass;n/a;Twisted;Trapezoidal;Yes;No;Proximal burin on endscraper with stop notch;0;0;Burin blow probably failed because it did no reach the stop notch, most likely on advanced overpass blade, modification on proixmal end
105;An2-10-4-2;Blade;Distal;n/a;n/a;18;9;n/a;n/a;n/a;n/a;n/a;Acute pointed;Target central product;In-axis;Straight;Trapezoidal;Yes;No;Single notch below the tip on the left lateral;0;0;Ad-hoc tool and broken while confecting? Blank was probably a central triangular point-type blank
165;An2-10-4-2;Blade;Distal;Type 4;n/a;16;6;n/a;n/a;n/a;n/a;n/a;Irregular;Lateral product;In-axis;Straight;Side blade/débordant;No;No;After-patina modification/use-wear on right-distal end (local truncation-like);1;0;Core-edge blade fragment with small portion of lateral cortex, dorsal patina
61;An2-10-4-2;Blade;Distal;Type 3;n/a;34;13;n/a;n/a;n/a;n/a;n/a;Acute pointed;Overpass;In-axis;Curved;Trapezoidal;Yes;Yes;None;1;0;Overshot removal of exhausted convexity (only short removals possible) with distal cortex (20%)
194;An2-10-4-2;Blade;Distal;n/a;n/a;15;3;n/a;n/a;n/a;n/a;n/a;Acute pointed;Lateral product;n/a;Slightly curved;Trapezoidal;Yes;No;None;1;0;Small lateral-distal (left) portion of cortex
199;An2-10-4-2;Blade;Distal;n/a;n/a;16;6;n/a;n/a;n/a;n/a;n/a;Acute pointed;Lateral product;n/a;Slightly curved;Triangular;No;No;None;1;0;Left lateral side covered with cortext (ca. 40%)
234;An2-2011-1200;Blade;Distal;Type 4;n/a;17;4;n/a;n/a;n/a;n/a;n/a;Curved;Target central product;n/a;Straight;Triangular;No;Yes;None;1;0;Distal cortext remnant, earlier broken blade (not all of the distal core cortext has been consumed yet)
245;An2-2011-1200;Blade;Distal;Type 4;n/a;14;4;n/a;n/a;n/a;n/a;n/a;Irregular;Overpass;n/a;Straight;Triangular;No;No;None;1;0;Distal slender overpass blade with cortex portion on distal end (<10%)
AN2-02;An2-10-2-1;Blade;Distal;n/a;n/a;22;9;n/a;n/a;n/a;n/a;n/a;Wide pointed;Lateral product;n/a;Slightly curved;Triangular;No;No;None;1;1;Cortical distal blade (>50%)
S20;An2-10-2-1;Blade;Distal;Type 2;n/a;21;10;n/a;n/a;n/a;n/a;n/a;Acute pointed;Overpass;n/a;Twisted;Triangular;No;Yes;None;1;1;Broken overshot blade with >50% cortex (early embedded shaping)
S21;An2-10-2-1;Blade;Distal;n/a;n/a;24;9;n/a;n/a;n/a;n/a;n/a;Acute pointed;Lateral product;n/a;Twisted;Triangular;No;Yes;None;1;1;>50% cortex
S35;An2-10-2-1;Blade;Distal;;n/a;18;6;n/a;n/a;n/a;n/a;n/a;Wide pointed;Initial Shaping/Decortification;n/a;Slightly curved;Trapezoidal;No;No;None;1;1;Cortical blade? Fragment (>50%)
63;An2-10-4-2;Blade;Distal;n/a;n/a;31;9;n/a;n/a;n/a;n/a;n/a;Acute pointed;Lateral product;In-axis;Hinged;Trapezoidal;Yes;No;None;1;1;Cortical distal triangle piece (80%) showing that bladelets are produced at the edge (adjacent to cortical) and clearance with cortical removal
99;An2-10-4-2;Blade;Distal;n/a;n/a;23;4;n/a;n/a;n/a;n/a;n/a;Acute pointed;Initial Shaping/Decortification;In-axis;Straight;Triangular;No;No;None;1;1;>50% cortex
205;An2-10-4-2;Blade ;Distal;n/a;n/a;15;2;n/a;n/a;n/a;n/a;n/a;Acute pointed;Target central product;In-axis;Straight;Trapezoidal;Yes;No;None;0;0;
135;An2-10-4-2;Bladelet;Distal;n/a;n/a;9;2;n/a;n/a;n/a;n/a;n/a;n/a;Target central product;In-axis;Straight;Trapezoidal;Yes;No;Distal modification (borer-like);0;0;Central bladelet with relatively parallel edges and smaller triangular scar on proximal part of preserved part, showing that stratight bladelets were also searched for - this one probably broke while being modified
186;An2-10-4-2;Bladelet;Distal;n/a;n/a;11;3;n/a;n/a;n/a;n/a;n/a;n/a;Target central product;In-axis;Straight;Triangular;Yes;No;Distal-left truncation (partial, not entire distal length);0;0;Tip-broken while modifying? (could have been an oblique edge retouch to creat a pointed end)
S40;An2-10-2-1;Bladelet;Distal;;n/a;10;4;n/a;n/a;n/a;n/a;n/a;Acute pointed;Target central product;n/a;Straight;Triangular;Yes;No;None;0;0;Tip of a proper bladelet (or blade)
S50;An2-10-3-1 (wirklich IUP?);Bladelet;Distal;n/a;n/a;10;1;n/a;n/a;n/a;n/a;n/a;n/a;Target central product;In-axis;Straight;Triangular;No;No;None;0;0;Distal bladelet fragment
86;An2-10-4-2;Bladelet;Distal;Type 3;n/a;12;2;n/a;n/a;n/a;n/a;n/a;Acute pointed;n/a ;Off-axis right;Hinged;Triangular;No;No;None;0;0;
92;An2-10-4-2;Bladelet;Distal;Type 3;n/a;9;3;n/a;n/a;n/a;n/a;n/a;Acute pointed;Target central product;In-axis;Slightly curved;Triangular;No;Yes;None;0;0;Distal bladelet-like negative coming from the other side!
94;An2-10-4-2;Bladelet;Distal;Type 2;n/a;7;3;n/a;n/a;n/a;n/a;n/a;Acute pointed;Target central product;Off-axis left;Straight;Trapezoidal;Yes;No;None;0;0;Distal fragment of central bladelet with two foregoing small triangular bladelet-like products
106;An2-10-4-2;Bladelet;Distal;Type 3;n/a;9;3;n/a;n/a;n/a;n/a;n/a;Acute pointed;Target central product;Off-axis right;Twisted;Triangular;No;No;None;0;0;Distal fragment of elongated intercalated bladelet or core-edge bladelet
107;An2-10-4-2;Bladelet;Distal;Type 3;n/a;7;2;n/a;n/a;n/a;n/a;n/a;Acute pointed;Target central product;In-axis;Twisted;Triangular;No;No;None;0;0;
185;An2-10-4-2;Bladelet;Distal;n/a;n/a;6;2;n/a;n/a;n/a;n/a;n/a;n/a;Target central product;n/a;Straight;Triangular;No;No;None;0;0;Probably tip of triangular bladelet point
193;An2-10-4-2;Bladelet;Distal;n/a;n/a;6;2;n/a;n/a;n/a;n/a;n/a;Acute pointed;Target central product;n/a;Straight;Trapezoidal;No;No;None;0;0;Microbladelet fragment
212;An2-10-4-2;Bladelet;Distal;n/a;n/a;9;2;n/a;n/a;n/a;n/a;n/a;Acute pointed;Target central product;n/a;Straight;Triangular;No;No;None;0;0;
143;An2-10-4-2;Bladelet;Distal;n/a;n/a;11;2;n/a;n/a;n/a;n/a;n/a;Acute pointed;Target central product;In-axis;Straight;Triangular;No;No;None (distal impact fracture);0;0;Retooling evidence?
124;An2-10-4-2;Bladelet;Distal;Type 4;n/a;12;3;n/a;n/a;n/a;n/a;n/a;Straight;Target central product;In-axis;Hinged;Triangular;No;No;"None (two opposite ""notches"" below distal hinge and above breakage point suggesting binding or hafting and ""Sollbruchstelle"", but these are probably use-related and not real modifications)";0;0;Perhaps GOOD example of plain-use logic here…. PLUS hinged objects as anticipated and used
136;An2-10-4-2;Bladelet;Distal;Type 4;n/a;10;3;n/a;n/a;n/a;n/a;n/a;Straight;Lateral product;In-axis;Hinged;Trapezoidal;No;No;None;1;0;Non-typical bladelet-like blank, byproduct of lateral expansion of reduction surface
215;An2-10-4-2;Bladelet;Distal;Type 4;n/a;12;3;n/a;n/a;n/a;n/a;n/a;n/a;Lateral product;n/a;Twisted;Triangular;No;No;None;1;0;"Early ""bladelet"" with cortex (ca. 40%)"
79;An2-10-4-2;Flake;Distal;Type 1;n/a;25;11;n/a;n/a;n/a;n/a;n/a;Acute pointed;Target central product;In-axis;Hinged;Triangular;No;No;Inverse/ventral left disto-lateral retouch (local);0;0;Pseudo-burin on right ventral side (opposite of inverse retouch), central hinged convergent product
AN2-07;An2-10-2-1;Flake;Distal;;n/a;n/a;7;n/a;n/a;n/a;n/a;n/a;;n/a ;n/a;;;;;None;0;0;Flake fragment
1513;An2-10-2-1;Flake;Distal;;n/a;34;5;n/a;n/a;n/a;n/a;n/a;;n/a ;n/a;Slightly curved;Trapezoidal;;;None;0;0;
S15;An2-10-2-1;Flake;Distal;;n/a;25;9;n/a;n/a;n/a;n/a;n/a;Acute pointed;Lateral product;n/a;Twisted;Triangular;;;None;0;0;
S53;An2-10-3-1 (wirklich IUP?);Flake;Distal;;n/a;29;3;n/a;n/a;n/a;n/a;n/a;Acute pointed;;n/a;Curved;Triangular;No;No;None;0;0;
96;An2-10-4-2;Flake;Distal;;n/a;29;9;Plain;12;9;Abrasion;Pronounced;n/a;Target central product;In-axis;Straight;Triangular;No;No;None;0;0;
121;An2-10-4-2;Flake;Distal;;n/a;19;3;n/a;n/a;n/a;n/a;n/a;n/a;Target central product;In-axis;Slightly curved;Trapezoidal;Yes;No;None (distally oblique use-wear in the form of a truncation);0;0;Use-wear on broader central product with foregoing smaller triangular bladelet-like removal scar (same logic as intermediate leaf-shaped blanks as blanks)
S29;An2-10-2-1;Flake;Distal;;n/a;45;4;n/a;n/a;n/a;n/a;n/a;;Lateral product;n/a;Slightly curved;Side blade/débordant;;;None;1;0;Small cortex remant at the right edge
S58;An2-10-4-2;Flake;Distal;;n/a;37;21;n/a;n/a;n/a;n/a;n/a;Straight;Overpass;In-axis;Curved;Triangular;Yes;No;None;1;0;Later rejuvenation flake of V-shaped, exhausted exploitation surface, moving further towards the broad-side of the core
133;An2-10-4-2;Flake;Distal;;n/a;20;5;n/a;n/a;n/a;n/a;n/a;Straight;Lateral product;n/a;Straight;;No;No;None;1;0;Lateral cortext portion
129;An2-10-4-2;Triangular Bladelet Point;Distal;Type 1;n/a;11;3;n/a;n/a;n/a;n/a;n/a;Acute pointed;Target central product;n/a;Twisted;Triangular;No;No;None;0;0;
126;An2-10-4-2;Triangular Point;Distal;Type 1;n/a;15;4;n/a;n/a;n/a;n/a;n/a;Acute pointed;Target central product;In-axis;Straight;Trapezoidal;Yes;No;None;0;0;
141;An2-10-4-2;Triangular Point;Distal;Type 1;n/a;14;3;n/a;n/a;n/a;n/a;n/a;Acute pointed;Target central product;In-axis;Slightly curved;Trapezoidal;Yes;No;None;0;0;
242;An2-2011-1200;Triangular Point;Distal;n/a;n/a;14;4;n/a;n/a;n/a;n/a;n/a;Acute pointed;Target central product;In-axis;Hinged;Triangular;No;No;None;0;0;Proximally broken, small leaf-shaped/triangular product from intercalated position
95;An2-10-4-2;Triangular Point;Distal;Type 1;n/a;21;6;n/a;n/a;n/a;n/a;n/a;Acute pointed;Target central product;In-axis;Straight;Trapezoidal;Yes;No;None (use-wear on ventral left disto-lateral side);0;0;Distal part of central leaf-triangular point shaped intermediate product with knife-like use
S59;An2-10-4-2;Triangular Point;Distal;Type 1;n/a;30;11;n/a;n/a;n/a;n/a;n/a;Wide pointed;Overpass;In-axis;Hinged;Trapezoidal;Yes;No;None (ventral notch, right-lateral side);0;0;Overshot leafshaped removal of Y-exploitation structure with small triagular bladelet negative and V-shaped exploitation surface
S23;An2-10-2-1;Blade;Mesial;n/a;n/a;15;5;n/a;n/a;n/a;n/a;n/a;;n/a ;n/a;Twisted;Triangular;No;No;None;0;0;
S43;An2-10-3-1 (wirklich IUP?);Blade;Mesial;n/a;n/a;14;4;n/a;n/a;n/a;n/a;n/a;n/a;Target central product;In-axis;Straight;Trapezoidal;No;No;None;0;0;Regular mesial blade fragment
65;An2-10-4-2;Blade;Mesial;n/a;n/a;14;5;n/a;n/a;n/a;n/a;n/a;;Target central product;n/a;Straight;Triangular;No;No;None;0;0;
80;An2-10-4-2;Blade;Mesial;n/a;n/a;20;4;;n/a;n/a;n/a;n/a;n/a;n/a ;n/a;Slightly curved;Triangular;No;No;None;0;0;
122;An2-10-4-2;Blade;Mesial;n/a;n/a;19;2;n/a;n/a;n/a;n/a;n/a;Acute pointed;Target central product;In-axis;Straight;Triangular;No;No;None;0;0;
132;An2-10-4-2;Blade;Mesial;n/a;n/a;27;6;n/a;n/a;n/a;n/a;n/a;n/a;Target central product;In-axis;Slightly curved;Triangular;No;No;None;0;0;
161;An2-10-4-2;Blade;Mesial;n/a;n/a;15;3;n/a;n/a;n/a;n/a;n/a;n/a;n/a ;n/a;Straight;Triangular;No;No;None;0;0;
202;An2-10-4-2;Blade;Mesial;n/a;n/a;21;6;n/a;n/a;n/a;n/a;n/a;n/a;Target central product;In-axis;Straight;Triangular;No;No;None;0;0;
203;An2-10-4-2;Blade;Mesial;n/a;n/a;18;1;n/a;n/a;n/a;n/a;n/a;n/a;Target central product;In-axis;Straight;Trapezoidal;No;No;None;0;0;
204;An2-10-4-2;Blade;Mesial;n/a;n/a;21;4;n/a;n/a;n/a;n/a;n/a;n/a;Target central product;n/a;Straight;Trapezoidal;No;No;None;0;0;
209;An2-10-4-2;Blade;Mesial;n/a;n/a;19;2;n/a;n/a;n/a;n/a;n/a;n/a;Target central product;n/a;Straight;Trapezoidal;No;No;None;0;0;
171;An2-10-4-2;Blade;Mesial;n/a;n/a;11;3;n/a;n/a;n/a;n/a;n/a;n/a;Target central product;n/a;Slightly curved;Trapezoidal;No;No;None (use-wear on latero-distal part below tip breakage point);0;0;Different (nonlocal) RM
S11;An2-10-2-1;Blade;Mesial;n/a;n/a;18;3;n/a;n/a;n/a;n/a;n/a;n/a;Lateral product;n/a;Straight;Side blade/débordant;No;No;None;1;0;90 degree right-lateral edge with cortex
206;An2-10-4-2;Blade;Mesial;n/a;n/a;14;2;n/a;n/a;n/a;n/a;n/a;n/a;Lateral product;In-axis;Twisted;Trapezoidal;No;No;None;1;0;Small portion of left-lateral cortex
241;An2-2011-1200;Blade;Mesial;n/a;n/a;16;4;n/a;n/a;n/a;n/a;n/a;n/a;Lateral product;n/a;Slightly curved;Trapezoidal;No;No;None;1;0;Lateral cortext portion
200;An2-10-4-2;Blade;Mesial;n/a;n/a;21;7;n/a;n/a;n/a;n/a;n/a;n/a;Lateral product;n/a;Curved;Triangular;No;No;None (right-lateral local use-wear);1;0;Left lateral side covered with cortext (ca. 25%)
S36;An2-10-2-1;Blade;Mesial;;n/a;30;7;n/a;n/a;n/a;n/a;n/a;n/a;;n/a;Straight;Trapezoidal;;;None;1;1;>50 Cortical
130;An2-10-4-2;Blade;Mesial;n/a;n/a;23;5;n/a;n/a;n/a;n/a;n/a;Acute pointed;Lateral product;n/a;Straight;Triangular;No;No;None;1;1;>50% natural surface
S13;An2-10-2-1;Bladelet;Mesial;n/a;n/a;5;1;n/a;n/a;n/a;n/a;n/a;Acute pointed;Target central product;n/a;Straight;Triangular;No;No;None;0;0;"Broken, extremely slim bladelet; MICROBLADELETS?"
134;An2-10-4-2;Bladelet;Mesial;n/a;n/a;11;2;n/a;n/a;n/a;n/a;n/a;n/a;Target central product;Off-axis left;Twisted;Trapezoidal;No;No;None;0;0;
163;An2-10-4-2;Bladelet;Mesial;n/a;n/a;10;2;n/a;n/a;n/a;n/a;n/a;n/a;n/a ;n/a;Straight;Trapezoidal;No;No;None;0;0;Regular blade fragment
164;An2-10-4-2;Bladelet;Mesial;n/a;n/a;6;2;n/a;n/a;n/a;n/a;n/a;n/a;Target central product;In-axis;Straight;Trapezoidal;Yes;No;None;0;0;Microbladelet fragment
168;An2-10-4-2;Bladelet;Mesial;n/a;n/a;9;2;n/a;n/a;n/a;n/a;n/a;n/a;Target central product;In-axis;Straight;Trapezoidal;No;No;None;0;0;Regular mesial bladelet fragment
182;An2-10-4-2;Bladelet;Mesial;n/a;n/a;8;2;n/a;n/a;n/a;n/a;n/a;n/a;Target central product;n/a;Straight;Triangular;No;No;None;0;0;
183;An2-10-4-2;Bladelet;Mesial;n/a;n/a;6;2;n/a;n/a;n/a;n/a;n/a;n/a;Target central product;n/a;Straight;Triangular;No;No;None;0;0;
184;An2-10-4-2;Bladelet;Mesial;n/a;n/a;7;2;n/a;n/a;n/a;n/a;n/a;n/a;Target central product;n/a;Straight;Triangular;No;No;None;0;0;
191;An2-10-4-2;Bladelet;Mesial;n/a;n/a;8;2;n/a;n/a;n/a;n/a;n/a;Acute pointed;Target central product;n/a;Straight;Triangular;No;No;None;0;0;
208;An2-10-4-2;Bladelet;Mesial;n/a;n/a;12;2;n/a;n/a;n/a;n/a;n/a;n/a;Target central product;n/a;Straight;Triangular;No;No;None;0;0;
209;An2-10-4-2;Bladelet;Mesial;n/a;n/a;9;2;n/a;n/a;n/a;n/a;n/a;n/a;Target central product;n/a;Slightly curved;Triangular;No;No;None;0;0;
119;An2-10-4-2;Bladelet;Mesial;n/a;n/a;8;1;n/a;n/a;n/a;n/a;n/a;n/a;Target central product;In-axis;Straight;Trapezoidal;No;No;None;1;0;Broken flat straight elongated bladelet (probably Type 3)
S4;An2-10-4-1;Flake;Mesial;n/a;n/a;40;11;n/a;n/a;n/a;n/a;n/a;n/a;n/a ;n/a;Slightly curved;Side blade/débordant;No;No;None;0;0;
S6;An2-10-4-1;Flake;Mesial;n/a;n/a;23;7;n/a;n/a;n/a;n/a;n/a;n/a;n/a ;n/a;Straight;Trapezoidal;No;No;None;0;0;
2047;An2-2011-1200;Flake;Mesial;;n/a;36;16;n/a;n/a;n/a;n/a;n/a;n/a;Lateral product;n/a;Slightly curved;;No;No;Distal steep curved enscraper;1;0;Endscraper on lateral cortical (ca. 30%) thick flake, probably early overshoot flake/blade
1108;ANS2-10-1-1;Flake;Mesial;n/a;n/a;50;10;n/a;n/a;n/a;n/a;n/a;n/a;Lateral product;In-axis;Slightly curved;Side blade/débordant;No;Yes;None;1;0;Steep lateral cortical edge
81;An2-10-4-2;Flake;Mesial;n/a;n/a;29;8;n/a;n/a;n/a;n/a;n/a;n/a;n/a ;n/a;Straight;Trapezoidal;;;None;1;0;Dorsal cortext cover
138;An2-10-4-2;Flake;Mesial;;n/a;29;5;n/a;n/a;n/a;n/a;n/a;n/a;Initial Shaping/Decortification;n/a;Straight;;No;No;None;1;1;Cortical flake fragment
243;An2-2011-1200;Flake;Mesial;;n/a;20;4;n/a;n/a;n/a;n/a;n/a;n/a;Initial Shaping/Decortification;n/a;Straight;Triangular;No;No;None;1;1;Cortical (>90%) flake fragment
1164;An2-10-4-2-gezeichnet;Blade;Proximal;n/a;n/a;28;8;Plain;19;8;Absent;Diffuse;n/a;Target central product;In-axis;Curved;Trapezoidal;No;No;Dihedral burin and lateral use-wear;0;0;GEZEICHNET in Jordanien-Band (awl-like tool on broader centralised blade)
109;An2-10-4-2;Blade;Proximal;n/a;n/a;30;7;Plain;18;7;Abrasion;Diffuse;n/a;Lateral product;In-axis;Twisted;Side blade/débordant;No;Yes;Left-lateral fine retouch (perhaps broken afterwards), creating a knife-edge oppsite of a steep 90degree edge (core edge);0;0;
1104;ANS2-10-1-1;Blade;Proximal;Type 3;n/a;20;8;Plain;8;6;Flaking;Diffuse;Acute pointed;Target central product;Off-axis left;Twisted;Triangular;No;No;None;0;0;
1235;ANS2-10-1-1;Blade;Proximal;n/a;n/a;26;13;Plain;20;5;Abrasion+Flaking;Diffuse;n/a;n/a ;Off-axis left;Twisted;Trapezoidal;No;Yes;None;0;0;
1227;ANS2-10-1-1;Blade;Proximal;n/a;n/a;23;18;Partially Faceted;12;8;Absent;Diffuse;n/a;n/a ;n/a;Straight;Trapezoidal;No;Yes;None;0;0;
1540;ANS2-10-1-1;Blade;Proximal;n/a;n/a;35;7;Dihedral;16;5;Abrasion+Flaking;Large Scar;n/a;Target central product;In-axis;Straight;Trapezoidal;Yes;No;None;0;0;
1506;An2-10-4-1;Blade;Proximal;Type 3;n/a;18;7;Linear;12;1;Abrasion+Flaking;Diffuse;n/a;Preparatory;In-axis;Slightly curved;Triangular;Yes;Yes;None;0;0;"Embedded prapratory ""clearence"" of V-shaped extraction surface by removing hinged v-removals"
1220;An2-10-2-1;Blade;Proximal;n/a;n/a;25;6;Plain;17;7;Absent;Diffuse;n/a;n/a ;In-axis;Straight;Triangular;No;No;None;0;0;
1216;An2-10-2-1;Blade;Proximal;n/a;n/a;19;6;Plain;13;5;Abrasion;Diffuse;n/a;n/a ;In-axis;Straight;Trapezoidal;Yes;No;None;0;0;
1525;An2-10-2-1;Blade;Proximal;n/a;n/a;20;9;Partially Faceted;15;9;Absent;Diffuse;n/a;Target central product;In-axis;Straight;Trapezoidal;No;No;None;0;0;Fragment of central blade with steep central flat ridge
S41;An2-10-3-1 (wirklich IUP?);Blade;Proximal;n/a;n/a;15;5;Plain;9;3;Absent;Diffuse;n/a;Lateral product;In-axis;Twisted;Triangular;No;No;None;0;0;
S46;An2-10-3-1 (wirklich IUP?);Blade;Proximal;n/a;n/a;13;3;Plain;13;3;Flaking;Diffuse;n/a;Target central product;In-axis;Straight;Triangular;Yes;No;None;0;0;
1205;An2-10-4-2;Blade;Proximal;n/a;n/a;16;5;Plain;10;5;Flaking;Diffuse;;Target central product;In-axis;Straight;Trapezoidal;No;No;None;0;0;
1208;An2-10-4-2;Blade;Proximal;n/a;n/a;24;8;Plain;13;5;Abrasion+Flaking;Diffuse;;Target central product;In-axis;Slightly curved;Trapezoidal;Yes;No;None;0;0;
1502;An2-10-4-2;Blade;Proximal;Type 1;n/a;15;5;Plain;15;5;Absent;Pronounced;;Target central product;In-axis;Straight;Trapezoidal;Yes;No;None;0;0;Broken central small triangular point with Y-structure
1246;An2-10-4-2;Blade;Proximal;Type 1;n/a;21;8;Plain;16;7;Abrasion+Flaking;Diffuse;;Target central product;In-axis;Straight;Trapezoidal;No;No;None;0;0;Early central V-shaped small blade/let with broken tip
1503;An2-10-4-2;Blade;Proximal;n/a;n/a;16;3;Plain;11;2;Flaking;Diffuse;;Target central product;Off-axis left;Twisted;Trapezoidal;Yes;No;None;0;0;Broken central blade with small triangular bladelet negative
1533;An2-10-4-2;Blade;Proximal;n/a;n/a;24;10;Plain;21;10;Absent;Pronounced;;Target central product;In-axis;Straight;Trapezoidal;Yes;Yes;None;0;0;Good example of non-removal of left-over ridge overhangs from previous removals
64;An2-10-4-2;Blade;Proximal;n/a;n/a;16;6;Plain;13;6;Absent;Diffuse;;Target central product;In-axis;Straight;Trapezoidal;Yes;Yes;None;0;0;
73;An2-10-4-2;Blade;Proximal;n/a;n/a;24;6;Plain;17;6;Flaking;Pronounced;;Target central product;Off-axis left;Slightly curved;Trapezoidal;Yes;No;None;0;0;
75;An2-10-4-2;Blade;Proximal;Type 1;n/a;13;3;Plain;9;3;Flaking;Diffuse;Acute pointed;Target central product;In-axis;Straight;Triangular;No;No;None;0;0;
76;An2-10-4-2;Blade;Proximal;n/a;n/a;21;10;Plain;19;10;Flaking;Diffuse;;Target central product;In-axis;Straight;Triangular;Yes;No;None;0;0;
77;An2-10-4-2;Blade;Proximal;n/a;n/a;25;5;Plain;15;2;Abrasion+Flaking;Diffuse;;Lateral product;In-axis;Twisted;Trapezoidal;Yes;No;None;0;0;
82;An2-10-4-2;Blade;Proximal;n/a;n/a;23;6;Plain;10;11;Absent;Diffuse;n/a;Target central product;In-axis;Straight;Trapezoidal;Yes;No;None;0;0;"INTERESTING PIECE: first débitage evidence of bidirectional scar pattern; two opposing small triangular scar negatives, the main removal seems to come from the non-dominant side (possibly indicating the preparatory character of the piece, coming from the core foot)"
87;An2-10-4-2;Blade;Proximal;n/a;n/a;20;9;Plain;15;7;Abrasion+Flaking;Diffuse;n/a;Target central product;In-axis;Straight;Triangular;No;No;None;0;0;Centralized blade removing non-abraded/removed overhang on the core edge
88;An2-10-4-2;Blade;Proximal;n/a;n/a;16;11;Plain;7;10;Absent;Diffuse;n/a;Lateral product;Off-axis left;Twisted;Side blade/débordant;No;No;None;0;0;Preparatory character, removing a steep edge generated by previous removals
90;An2-10-4-2;Blade;Proximal;n/a;n/a;16;6;Plain;11;4;Abrasion;Diffuse;n/a;Target central product;Off-axis left;Straight;Triangular;Yes;No;None;0;0;
101;An2-10-4-2;Blade;Proximal;n/a;n/a;19;7;Plain;9;7;Absent;Diffuse;n/a;Target central product;In-axis;Twisted;Triangular;Yes;No;None;0;0;
103;An2-10-4-2;Blade;Proximal;n/a;n/a;19;8;Plain;11;8;Flaking;Pronounced;n/a;Lateral product;Off-axis left;Straight;Side blade/débordant;Yes;No;None;0;0;
115;An2-10-4-2;Blade;Proximal;n/a;n/a;17;6;Plain;19;6;Abrasion;Pronounced;n/a;Target central product;In-axis;Twisted;Triangular;No;No;None;0;0;
116;An2-10-4-2;Blade;Proximal;n/a;n/a;15;5;Plain;12;4;Absent;Diffuse;n/a;n/a ;In-axis;Straight;Trapezoidal;Yes;No;None;0;0;
147;An2-10-4-2;Blade;Proximal;n/a;n/a;23;11;Plain;17;10;Abrasion;Pronounced;n/a;Target central product;In-axis;Twisted;Triangular;Yes;No;None;0;0;Large broken blade with overhang presered proximally
149;An2-10-4-2;Blade;Proximal;n/a;n/a;24;6;Plain;21;5;Flaking;Diffuse;n/a;Target central product;In-axis;Twisted;Trapezoidal;Yes;No;None;0;0;Large broken central blade with skewed triangular dorsal scar
150;An2-10-4-2;Blade;Proximal;n/a;n/a;21;12;Plain;16;12;Absent;Pronounced;n/a;Target central product;Off-axis left;Twisted;Triangular;No;No;None;0;0;Early broken intercalated product (just two oblique surfaces separated by a central ridge)
151;An2-10-4-2;Blade;Proximal;n/a;n/a;16;3;Plain;17;4;Abrasion;Pronounced;n/a;Target central product;Off-axis left;Twisted;Trapezoidal;No;Yes;None;0;0;Broken central off-axis product with hinged foregoing removal scar
152;An2-10-4-2;Blade;Proximal;n/a;n/a;16;5;Plain;12;5;Abrasion;Diffuse;n/a;Target central product;Off-axis right;Twisted;Trapezoidal;No;Yes;None;0;0;Central product with raised central ridge remnant on striking platform and foregoing hinged removal next to it
154;An2-10-4-2;Blade;Proximal;n/a;n/a;15;7;Plain;15;7;Abrasion;Diffuse;n/a;Target central product;Off-axis left;Twisted;Triangular;Yes;Yes;None;0;0;Failed lateral product on reduction surface
157;An2-10-4-2;Blade;Proximal;n/a;n/a;20;4;Plain;15;3;Absent;Diffuse;n/a;n/a ;In-axis;Straight;Trapezoidal;No;No;None;0;0;
167;An2-10-4-2;Blade;Proximal;n/a;n/a;16;2;Linear;11;1;Flaking;Diffuse;n/a;n/a ;In-axis;Straight;Trapezoidal;No;No;None;0;0;
170;An2-10-4-2;Blade;Proximal;n/a;n/a;15;3;Plain;14;2;Abrasion;Diffuse;n/a;Target central product;Off-axis left;Twisted;Trapezoidal;No;No;None;0;0;
176;An2-10-4-2;Blade;Proximal;n/a;n/a;13;5;Plain;12;5;Abrasion;Diffuse;n/a;Target central product;In-axis;Twisted;Trapezoidal;No;Yes;None;0;0;Hinged dorsal triangular scar has removed overhang
201;An2-10-4-2;Blade;Proximal;n/a;n/a;13;6;Plain;12;4;Absent;Diffuse;n/a;Target central product;In-axis;Twisted;Triangular;No;No;None;0;0;
204;An2-10-4-2;Blade;Proximal;n/a;n/a;21;4;Plain;10;4;Flaking;Diffuse;n/a;Target central product;In-axis;Slightly curved;Trapezoidal;No;No;None;0;0;
211;An2-10-4-2;Blade;Proximal;n/a;n/a;13;2;Linear;6;1;Flaking;Diffuse;n/a;Target central product;In-axis;Twisted;Triangular;No;No;None;0;0;
216;An2-10-4-2;Blade;Proximal;Type 1;n/a;21;6;Plain;21;6;Absent;Pronounced;n/a;Target central product;In-axis;Straight;Trapezoidal;No;No;None;0;0;Refits with 217
217;An2-10-4-2;Blade;Proximal;n/a;n/a;18;4;Plain;18;4;Flaking;Diffuse;n/a;Target central product;Off-axis left;Twisted;Trapezoidal;Yes;No;None;0;0;Refits with 216
228;An2-2011-1200;Blade;Proximal;n/a;n/a;22;9;Plain;13;7;Abrasion;Diffuse;n/a;Target central product;Off-axis right;Twisted;Trapezoidal;No;No;None;0;0;
231;An2-2011-1200;Blade;Proximal;n/a;n/a;23;10;Plain;18;10;Absent;Diffuse;n/a;Target central product;Off-axis left;Straight;Triangular;No;No;None;0;0;
239;An2-2011-1200;Blade;Proximal;n/a;n/a;16;5;Plain;10;5;Absent;Diffuse;n/a;Target central product;Off-axis left;Straight;Trapezoidal;No;No;None;0;0;
226;An2-2011-1200;Blade;Proximal;Type 2;n/a;18;7;Shattered;n/a;n/a;Flaking;n/a;Acute pointed;Target central product;Off-axis right;Straight;Trapezoidal;Yes;No;None (Left proximal-lateral use-wear);0;0;Use of plain blades (intercalated products with Y-scar structure)
108;An2-10-4-2;Blade;Proximal;n/a;n/a;18;5;Plain;18;4;Flaking;Pronounced;n/a;Target central product;In-axis;Twisted;Trapezoidal;No;No;Two notches alternating from dorsal and ventral on the right-proximal lateral;0;0;
1576;ANS2-10-1-1;Blade;Proximal;n/a;n/a;28;12;Dihedral;10;4;Abrasion;Diffuse;n/a;n/a ;n/a;Slightly curved;Triangular;No;No;None;1;0;Partial left-lateral cortex cover
1522;An2-10-2-1;Blade;Proximal;n/a;n/a;23;9;Linear;14;1;Absent;Diffuse;n/a;Lateral product;n/a;Twisted;Side blade/débordant;No;No;None;1;0;Small portion of disto-right cortex
1629;An2-10-2-1;Blade;Proximal;Type 2;n/a;27;15;Plain;8;13;Absent;Diffuse;n/a;Overpass;Off-axis right;Twisted;Triangular;Yes;Yes;None;1;0;Top-later portion with cortext, twisted, off-axis overshot to rejuvenate distal reduction convexities and to reestablish V-shape 
111;An2-10-4-2;Blade;Proximal;n/a;n/a;23;8;Plain;9;6;Absent;Diffuse;n/a;Lateral product;In-axis;Twisted;Side blade/débordant;No;No;None;1;0;Cortex on natural edge (ca. 20%)
175;An2-10-4-2;Blade;Proximal;n/a;n/a;16;4;Plain;10;3;Absent;Diffuse;n/a;Lateral product;n/a;Twisted;Trapezoidal;No;No;None;1;0;Small portion of cortex on the left side
207;An2-10-4-2;Blade;Proximal;n/a;n/a;15;4;Plain;12;4;Absent;Diffuse;n/a;Lateral product;In-axis;Twisted;Side blade/débordant;No;No;None;1;0;Tiny portion of cotext on left core-edge remnant
1260;ANS2-10-1-1;Blade;Proximal;n/a;n/a;22;8;Faceted;22;6;Absent;Pronounced;n/a;Target central product;Off-axis right;Twisted;Trapezoidal;Yes;No;Proximal right notch;1;0;Notched blade with small amout of cotext on top-right side
1578;An2-10-2-1;Blade;Proximal;n/a;n/a;22;8;Partially Faceted;13;5;Absent;Pronounced;n/a;Lateral product;In-axis;Straight;Triangular;Yes;No;None;1;1;Right-lateral cortex (ca. 50%)
S10;An2-10-2-1;Blade;Proximal;n/a;n/a;22;8;Punctiform;2;1;Flaking;Diffuse;n/a;Lateral product;In-axis;Slightly curved;Triangular;No;No;None;1;1;>80% dorsal cortex (fragment)
Tr-21-12;An2-10-4-2;Blade;Proximal;n/a;n/a;23;10;Cortical/Natural Surface;10;7;Absent;Diffuse;;Lateral product;Off-axis right;Twisted;Side blade/débordant;No;No;None;1;1;Large, off-axis side blade 50% natural surface egde remant (early product)
207;An2-10-4-2;Blade;Proximal;n/a;n/a;15;7;Plain;13;7;Absent;Diffuse;n/a;Lateral product;n/a;Twisted;Trapezoidal;No;No;None;1;1;50% right-lateral cortex cover
S49;An2-10-3-1 (wirklich IUP?);Bladelet;Proximal;n/a;n/a;11;3;Plain;6;2;Abrasion;Non-visible;n/a;Target central product;In-axis;Twisted;Triangular;No;No;None;0;0;Proximal bladelet fragment
1210;An2-10-4-2;Bladelet;Proximal;n/a;n/a;12;4;Plain;9;3;Abrasion;Diffuse;;Target central product;Off-axis left;Twisted;Triangular;Yes;No;None;0;0;
120;An2-10-4-2;Bladelet;Proximal;n/a;n/a;7;3;Plain;4;3;Flaking;Diffuse;n/a;Target central product;Off-axis left;Twisted;Triangular;No;No;None;0;0;
159;An2-10-4-2;Bladelet;Proximal;Type 3;n/a;9;3;Cortical/Natural Surface;7;3;Abrasion;Large Scar;n/a;Target central product;Off-axis left;Twisted;Triangular;Yes;No;None;0;0;
162;An2-10-4-2;Bladelet;Proximal;n/a;n/a;9;4;Plain;7;4;Absent;Diffuse;n/a;Target central product;In-axis;Straight;Triangular;No;No;None;0;0;Distally broken bladelet-like overhang removal
174;An2-10-4-2;Bladelet;Proximal;Type 3;n/a;10;2;Shattered;n/a;n/a;Absent;Diffuse;n/a;Target central product;In-axis;Twisted;Triangular;No;No;None;0;0;Irregular bladelet (proximally irregular)
178;An2-10-4-2;Bladelet;Proximal;n/a;n/a;12;4;Plain;9;4;Absent;Diffuse;n/a;Target central product;Off-axis left;Straight;Triangular;No;Yes;None;0;0;Atypical bladelet fragment
179;An2-10-4-2;Bladelet;Proximal;n/a;n/a;10;4;Plain;9;4;Absent;Non-visible;n/a;Target central product;In-axis;Straight;Trapezoidal;No;No;None;0;0;Removal of proximal overhang
187;An2-10-4-2;Bladelet;Proximal;n/a;n/a;11;3;Shattered;n/a;n/a;Absent;Large Scar;n/a;Target central product;In-axis;Twisted;Triangular;No;No;None;0;0;
188;An2-10-4-2;Bladelet;Proximal;n/a;n/a;9;5;Plain;8;5;Flaking;Diffuse;n/a;Target central product;Off-axis left;Straight;Triangular;Yes;No;None;0;0;Intercalated broken overhang removal
190;An2-10-4-2;Bladelet;Proximal;n/a;n/a;7;2;Plain;5;2;Flaking;Diffuse;n/a;Target central product;In-axis;Twisted;Triangular;Yes;No;None;0;0;
208;An2-10-4-2;Bladelet;Proximal;n/a;n/a;9;3;Plain;6;3;Absent;Diffuse;n/a;Target central product;Off-axis left;Twisted;Trapezoidal;Yes;No;None;0;0;
213;An2-10-4-2;Bladelet;Proximal;n/a;n/a;10;2;Plain;6;2;Absent;Diffuse;n/a;Target central product;Off-axis right;Twisted;Triangular;No;No;None;0;0;
236;An2-2011-1200;Bladelet;Proximal;n/a;n/a;13;5;Plain;13;5;Absent;Diffuse;n/a;Target central product;In-axis;Twisted;Trapezoidal;No;No;None;0;0;
238;An2-2011-1200;Bladelet;Proximal;n/a;n/a;7;2;Plain;4;2;Absent;Diffuse;n/a;Target central product;Off-axis left;Twisted;Triangular;No;No;None;0;0;
S12;An2-10-2-1;Bladelet;Proximal;Type 2;n/a;8;3;Plain;8;2;Flaking;Diffuse;Acute pointed;Target central product;In-axis;Straight;Triangular;No;No;None;1;0;Broken bladelet, probably also EARLY necause of tint cortex remnant on proxio-dorsal face
1504;An2-10-4-2;Bladelet;Proximal;n/a;n/a;11;4;Partially Faceted;8;3;Abrasion;Diffuse;;Lateral product;Off-axis left;Twisted;Trapezoidal;No;Yes;None;1;0;Early lateral twisted bladelet (small portion of cortex)
123;An2-10-4-2;Bladelet;Proximal;n/a;n/a;10;5;Plain;5;3;Absent;Non-visible;n/a;Lateral product;Off-axis left;Twisted;Side blade/débordant;No;No;None;1;0;Core-edge bladelet (from primary reduction surface)
180;An2-10-4-2;Bladelet;Proximal;n/a;n/a;9;4;Plain;9;4;Absent;Diffuse;n/a;Initial Shaping/Decortification;In-axis;Straight;Trapezoidal;No;No;None;1;1;"Cortical ""bladelet"" (>70%), left lateral side"
97;An2-10-4-2;Flake;Proximal;;n/a;29;8;Plain;17;6;Abrasion+Flaking;Pronounced;n/a;Target central product;In-axis;Twisted;Trapezoidal;Yes;No;Local right-lateral retouch;0;0;Retouch potentially resposible for breakage
1516;ANS2-10-1-1;Flake;Proximal;;n/a;49;11;Dihedral;36;7;Flaking;Diffuse;n/a;Lateral product;Off-axis right;Curved;;;;None;0;0;
1242;ANS2-10-1-1;Flake;Proximal;;n/a;32;10;Dihedral;30;8;Abrasion;Diffuse;n/a;n/a ;n/a;Slightly curved;Triangular;No;No;None;0;0;
S5;An2-10-4-1;Flake;Proximal;n/a;n/a;29;9;Partially Faceted;21;11;Absent;Diffuse;n/a;n/a ;n/a;Straight;Trapezoidal;No;Yes;None;0;0;
S18;An2-10-2-1;Flake;Proximal;;n/a;28;10;Plain;8;3;Flaking;Pronounced;;Preparatory;In-axis;Straight;Side blade/débordant;;;None;0;0;Small core tablet-like flake for setting-back the striking platform
S31;An2-10-2-1;Flake;Proximal;;n/a;32;9;Plain;30;6;Absent;Pronounced;;;n/a;Twisted;;;;None;0;0;
S33;An2-10-2-1;Flake;Proximal;;27;35;6;Partially Faceted;28;7;Abrasion;Diffuse;;;n/a;Twisted;;;;None;0;0;
S38;An2-10-2-1;Flake;Proximal;;n/a;19;4;Plain;20;4;Absent;Diffuse;n/a;Target central product;In-axis;Straight;Trapezoidal;Yes;No;None;0;0;Broken naturally pointed central hangover-removal
S52;An2-10-3-1 (wirklich IUP?);Flake;Proximal;;n/a;18;4;Linear;5;1;Abrasion;Diffuse;n/a;;In-axis;Curved;Trapezoidal;No;Yes;None;0;0;
S56;An2-10-3-1 (wirklich IUP?);Flake;Proximal;;n/a;15;2;Plain;6;2;Abrasion;Non-visible;Acute pointed;;In-axis;Twisted;Trapezoidal;No;No;None;0;0;
72;An2-10-4-2;Flake;Proximal;;n/a;24;4;Plain;24;4;Flaking;Diffuse;;n/a ;In-axis;Twisted;;;;None;0;0;
1537;An2-10-4-2;Flake;Proximal;;n/a;31;5;Plain;20;4;Flaking;Non-visible;Wide pointed;Target central product;In-axis;Slightly curved;Trapezoidal;;;None;0;0;
153;An2-10-4-2;Flake;Proximal;;n/a;25;8;Plain;14;7;Abrasion+Flaking;Pronounced;n/a;n/a ;Off-axis left;Twisted;Triangular;No;No;None;0;0;
196;An2-10-4-2;Flake;Proximal;;n/a;22;6;Plain;14;6;Absent;Diffuse;;Lateral product;Off-axis right;Twisted;Side blade/débordant;No;No;None;0;0;Edge-flake on plain surface (previously flaked)
198;An2-10-4-2;Flake;Proximal;;n/a;21;7;Plain;19;7;Abrasion;Pronounced;Acute pointed;Target central product;Off-axis right;Twisted;Triangular;Yes;No;None;0;0;Off-axis (failed) central triangular intercalated removal
203;An2-10-4-2;Flake;Proximal;;n/a;17;9;Plain;15;9;Flaking;Pronounced;n/a;Lateral product;Off-axis right;Straight;Side blade/débordant;No;No;None;0;0;Edge flake on flaked (noncortical) surfaces
205;An2-10-4-2;Flake;Proximal;;n/a;20;6;Plain;15;6;Flaking;Pronounced;n/a;Target central product;Off-axis left;Straight;Triangular;No;No;None;0;0;Possibly also blade
218;An2-10-4-2;Flake;Proximal;;n/a;21;5;Plain;12;4;Absent;Pronounced;n/a;Target central product;In-axis;Straight;Trapezoidal;No;No;None;0;0;
219;An2-10-4-2;Flake;Proximal;;n/a;15;4;Plain;7;4;Absent;Pronounced;n/a;Target central product;Off-axis left;Twisted;Trapezoidal;No;No;None;0;0;
221;An2-10-4-2;Flake;Proximal;;n/a;22;3;Plain;16;3;Abrasion;Pronounced;;Target central product;n/a;Hinged;;No;No;None;0;0;
1528;An2-10-2-1;Flake;Proximal;;n/a;30;8;Partially Faceted;16;4;Absent;Diffuse;;Lateral product;In-axis;Straight;Side blade/débordant;;;None;1;0;Right-edge is steep and fully cortical (ca. 10% dorsal cortex)
S30;An2-10-2-1;Flake;Proximal;;n/a;31;4;Plain;9;2;Flaking;Diffuse;;;n/a;Slightly curved;;;;None;1;0;Small portion of cortex on the right side
78;An2-10-4-2;Flake;Proximal;Type 1;n/a;28;6;Plain;11;3;Absent;Pronounced;Acute pointed;n/a ;Off-axis left;Twisted;Triangular;No;No;None;1;0;Convergent/triangular flake
113;An2-10-4-2;Flake;Proximal;;n/a;33;15;Partially Faceted;25;16;Abrasion;Non-visible;n/a;Preparatory;In-axis;Twisted;Side blade/débordant;Yes;No;None;1;0;Failed attempt to rejuvenate a larger portion of the reduction surface (with small right-lateral cortext remnant)
214;An2-10-4-2;Flake;Proximal;;n/a;21;2;Plain;18;3;Absent;Pronounced;n/a;Lateral product;n/a;Slightly curved;Trapezoidal;No;No;None;1;0;Tiny portion of cortext on right lateral edge
112;An2-10-4-2;Flake;Proximal;;n/a;22;10;Faceted;17;9;Flaking;Pronounced;n/a;Preparatory;Off-axis left;Twisted;Side blade/débordant;No;No;None (weak use-wear on left lateral);1;0;Platform flake (core-tablet like) showing that some of the steep angulated edge-blades/flakes may related in part to plaform preparation
1258;An2-10-1-1;Flake;Proximal;;n/a;41;12;Plain;8;2;Flaking;Large Scar;n/a;Lateral product;In-axis;Slightly curved;;No;No;Curved heavy-duty distal endscraper;1;1;Curved ENDSCRAPER on cortical (60%) elongated flake
6902;An2-2011-1200;Flake;Proximal;;n/a;50;13;Plain;20;8;Flaking;Pronounced;n/a;Lateral product;Off-axis left;Curved;;No;No;Distal heavy duty endscraper (weakly curved);1;1;Endscraper on lateral cortical (>50%) flake for expanding the flaking surface
S2;An2-10-4-1;Flake;Proximal;n/a;n/a;23;9;Dihedral;21;9;Flaking;Diffuse;n/a;n/a ;Off-axis left;Slightly curved;Trapezoidal;No;No;None;1;1;Initial flake/blade: >50% dorsal cortex
S7;An2-10-4-1;Flake;Proximal;n/a;n/a;19;8;Plain;16;6;Absent;Diffuse;n/a;n/a ;Off-axis left;Straight;Triangular;No;No;None;1;1;Initial cortical (>50%) flake
S14;An2-10-2-1;Flake;Proximal;;n/a;27;12;Plain;22;8;Abrasion;Pronounced;;Lateral product;In-axis;;Triangular;;;None;1;1;50% Natural surface (on left part)
1569;An2-10-2-1;Flake;Proximal;;n/a;44;15;Plain;15;5;Absent;Pronounced;;Initial Shaping/Decortification;In-axis;Straight;Triangular;No;No;None;1;1;Initial cortical flake (>50%)
2050;An2-2011-1200;Flake;Proximal;;n/a;37;9;Cortical/Natural Surface;27;4;Absent;Pronounced;n/a;Initial Shaping/Decortification;n/a;Slightly curved;;No;No;None;1;1;Cortical initialisation flake (almost 100%)
1539;ANS2-10-1-1;Triangular Point;Proximal;Type 1;n/a;33;7;Plain;25;5;Abrasion;Diffuse;n/a;Target central product;n/a;Slightly curved;Triangular;Yes;No;None;0;0;
S44;An2-10-3-1 (wirklich IUP?);Triangular Point;Proximal;Type 1;n/a;17;5;Partially Faceted;16;4;Absent;Diffuse;n/a;Target central product;In-axis;Slightly curved;Triangular;Yes;No;None;0;0;Tip-broken central Triangular Point
1520;An2-10-4-2;Triangular Point;Proximal;Type 1;n/a;18;3;Plain;13;2;Absent;Diffuse;Acute pointed;Target central product;In-axis;Twisted;Trapezoidal;Yes;No;None;0;0;Small triangular almost-bladelet (almost Levallois-point-like)
